Date,Open,High,Low,Close,Volume,Market Cap
8/7/15,2.83,3.54,2.52,2.77,164329,166610555
8/8/15,2.79,2.80,0.71,0.75,674188,45486894
8/9/15,0.71,0.88,0.63,0.70,532170,42399573
8/10/15,0.71,0.73,0.64,0.71,405283,42818364
8/11/15,0.71,1.13,0.66,1.07,1463100,64569288
8/12/15,1.06,1.29,0.88,1.22,2150620,73645011
8/13/15,1.22,1.97,1.17,1.83,4068680,110607192
8/14/15,1.81,2.26,1.75,1.83,4637030,110672322
8/15/15,1.80,1.88,1.57,1.69,2554360,102303608
8/16/15,1.68,1.70,1.09,1.57,3550790,94901005
8/17/15,1.58,1.58,1.19,1.20,1942830,87295367
8/18/15,1.22,1.33,1.09,1.09,1485680,78868413
8/19/15,1.17,1.32,1.17,1.26,1486240,91366391
8/20/15,1.25,1.53,1.25,1.46,2843760,106351420
8/21/15,1.48,1.56,1.35,1.40,2020970,101331856
8/22/15,1.40,1.48,1.35,1.38,948310,100201826
8/23/15,1.38,1.41,1.30,1.35,1589300,98300351
8/24/15,1.35,1.36,1.23,1.23,924920,89515257
8/25/15,1.23,1.24,1.13,1.14,1307180,82922633
8/26/15,1.13,1.20,1.06,1.16,1056750,84390924
8/27/15,1.17,1.19,1.14,1.15,686662,83524585
8/28/15,1.15,1.21,1.12,1.19,721872,86731077
8/29/15,1.19,1.21,1.15,1.18,375377,86113895
8/30/15,1.18,1.37,1.17,1.32,1337650,96097349
8/31/15,1.32,1.40,1.20,1.36,1447180,98963975
9/1/15,1.35,1.39,1.34,1.35,778862,98507500
9/2/15,1.35,1.35,1.26,1.29,883769,94389544
9/3/15,1.30,1.31,1.21,1.26,702991,92234142
9/4/15,1.26,1.30,1.24,1.27,474391,92953701
9/5/15,1.28,1.34,1.27,1.34,448453,97683883
9/6/15,1.34,1.37,1.29,1.30,491968,94580164
9/7/15,1.30,1.31,1.24,1.25,489014,91020735
9/8/15,1.25,1.28,1.23,1.24,427892,90743242
9/9/15,1.24,1.26,1.20,1.21,366748,88150125
9/10/15,1.21,1.22,1.14,1.17,662782,85202732
9/11/15,1.16,1.17,0.94,0.98,1942600,71868265
9/12/15,0.99,1.11,0.97,1.04,772430,75971273
9/13/15,1.04,1.04,0.90,0.94,644138,68480587
9/14/15,0.94,0.95,0.87,0.88,741085,64084135
9/15/15,0.88,1.05,0.88,0.94,703390,69141409
9/16/15,0.94,0.95,0.90,0.91,615593,66437873
9/17/15,0.91,0.91,0.83,0.87,897940,64046216
9/18/15,0.87,0.89,0.83,0.85,484622,62561883
9/19/15,0.85,0.91,0.83,0.88,386988,64687992
9/20/15,0.88,0.95,0.87,0.94,508314,68822183
9/21/15,0.94,0.96,0.88,0.92,424039,67422915
9/22/15,0.92,0.92,0.87,0.90,487914,66180153
9/23/15,0.90,0.91,0.89,0.89,200541,65587499
9/24/15,0.90,0.91,0.79,0.81,842505,59749888
9/25/15,0.82,0.83,0.71,0.74,903457,54085581
9/26/15,0.74,0.79,0.71,0.79,369620,57759115
9/27/15,0.79,0.79,0.72,0.72,413801,52990396
9/28/15,0.72,0.73,0.56,0.58,1320890,42863006
9/29/15,0.58,0.68,0.56,0.66,913992,48633259
9/30/15,0.66,0.75,0.64,0.74,619926,54351468
10/1/15,0.73,0.73,0.66,0.69,596084,50805919
10/2/15,0.68,0.69,0.65,0.68,219318,49966502
10/3/15,0.68,0.71,0.68,0.69,163326,50616972
10/4/15,0.69,0.69,0.66,0.67,103497,49249083
10/5/15,0.67,0.67,0.62,0.63,234263,46336892
10/6/15,0.62,0.65,0.61,0.65,262674,47974298
10/7/15,0.65,0.66,0.60,0.61,218327,44947527
10/8/15,0.61,0.63,0.59,0.62,310266,45872837
10/9/15,0.66,0.69,0.63,0.65,386420,48022036
10/10/15,0.64,0.65,0.62,0.63,141555,46356711
10/11/15,0.63,0.64,0.62,0.63,102128,46897253
10/12/15,0.63,0.66,0.63,0.63,109567,46253823
10/13/15,0.63,0.63,0.60,0.61,303044,44911718
10/14/15,0.61,0.61,0.48,0.52,971664,38665409
10/15/15,0.52,0.57,0.51,0.56,371022,41556025
10/16/15,0.56,0.57,0.52,0.54,249891,39691829
10/17/15,0.53,0.56,0.53,0.55,313860,40496031
10/18/15,0.55,0.55,0.51,0.52,133690,38329702
10/19/15,0.52,0.52,0.48,0.49,243742,36215624
10/20/15,0.49,0.50,0.43,0.43,383921,32213626
10/21/15,0.43,0.48,0.42,0.45,609085,33150826
10/22/15,0.44,0.62,0.42,0.57,924822,42085192
10/23/15,0.57,0.61,0.50,0.54,878822,40020348
10/24/15,0.54,0.58,0.52,0.56,258356,41809764
10/25/15,0.56,0.69,0.56,0.62,635384,45716387
10/26/15,0.62,0.76,0.60,0.73,1089120,54289124
10/27/15,0.71,0.90,0.71,0.87,1846370,64580263
10/28/15,0.87,1.06,0.81,1.00,2373050,74469864
10/29/15,1.01,1.21,0.95,1.21,2279240,89668667
10/30/15,1.21,1.35,0.97,1.04,2429200,77401817
10/31/15,1.05,1.06,0.90,0.92,673892,68163368
11/1/15,0.92,1.08,0.90,1.06,588913,78530263
11/2/15,1.06,1.10,0.95,0.99,1145200,73654327
11/3/15,0.99,1.07,0.94,1.01,1907690,75434114
11/4/15,1.01,1.04,0.73,0.90,3060340,66947930
11/5/15,0.90,0.99,0.86,0.90,1179840,66716645
11/6/15,0.90,0.99,0.85,0.93,913666,69004595
11/7/15,0.92,0.94,0.86,0.93,890187,69172171
11/8/15,0.92,1.03,0.92,1.03,1021460,76614488
11/9/15,1.03,1.11,0.95,1.00,2045290,74537426
11/10/15,1.00,1.05,0.92,0.93,854581,69717801
11/11/15,0.94,0.95,0.73,0.79,1278580,59103443
11/12/15,0.80,0.91,0.76,0.90,806156,66880152
11/13/15,0.91,0.92,0.85,0.90,543671,67529354
11/14/15,0.91,0.91,0.88,0.89,372514,66410518
11/15/15,0.89,0.92,0.87,0.91,411848,67745801
11/16/15,0.91,0.94,0.89,0.93,620945,69458011
11/17/15,0.92,1.03,0.91,1.01,1145440,75392162
11/18/15,0.99,1.01,0.94,0.99,681104,74320769
11/19/15,0.99,1.01,0.94,0.96,443528,71517342
11/20/15,0.96,0.96,0.90,0.92,614335,69247998
11/21/15,0.93,0.98,0.92,0.98,455976,73107357
11/22/15,0.98,0.98,0.96,0.97,372173,72523507
11/23/15,0.97,0.97,0.93,0.95,441875,70970606
11/24/15,0.95,0.95,0.90,0.90,524195,67487356
11/25/15,0.89,0.90,0.85,0.86,622991,64760707
11/26/15,0.86,0.90,0.80,0.88,947473,66330892
11/27/15,0.88,0.90,0.86,0.87,403813,65135635
11/28/15,0.87,0.93,0.86,0.92,462464,68742122
11/29/15,0.91,0.91,0.86,0.88,448358,65980042
11/30/15,0.88,0.90,0.85,0.87,784439,65589555
12/1/15,0.88,0.89,0.85,0.87,652857,65738067
12/2/15,0.87,0.88,0.82,0.82,506307,61730775
12/3/15,0.82,0.84,0.79,0.81,539969,61070307
12/4/15,0.81,0.86,0.80,0.84,241278,63189182
12/5/15,0.84,0.87,0.82,0.86,232743,64895497
12/6/15,0.87,0.88,0.83,0.84,443608,62889050
12/7/15,0.84,0.85,0.79,0.81,520409,61084951
12/8/15,0.81,0.82,0.78,0.82,445903,61922409
12/9/15,0.82,0.82,0.77,0.79,624221,59687098
12/10/15,0.80,0.86,0.79,0.84,369589,63342630
12/11/15,0.84,0.93,0.82,0.93,801072,70101842
12/12/15,0.93,1.05,0.93,0.98,1376280,73686284
12/13/15,0.97,0.99,0.94,0.95,273614,71894531
12/14/15,0.96,1.01,0.95,0.99,563436,74947760
12/15/15,0.99,1.03,0.98,1.01,578618,76568082
12/16/15,1.02,1.02,0.97,0.99,320767,74858729
12/17/15,0.99,1.00,0.91,0.94,640765,71069938
12/18/15,0.94,0.94,0.91,0.92,300787,69538663
12/19/15,0.92,0.93,0.89,0.91,343535,68650439
12/20/15,0.91,0.94,0.90,0.90,472164,68356313
12/21/15,0.91,0.92,0.89,0.90,549113,68143246
12/22/15,0.89,0.91,0.86,0.86,454249,65398932
12/23/15,0.86,0.88,0.86,0.86,334993,64957356
12/24/15,0.86,0.88,0.85,0.86,354646,65371538
12/25/15,0.86,0.88,0.86,0.87,187114,65931377
12/26/15,0.87,0.90,0.84,0.85,425282,64758910
12/27/15,0.85,0.86,0.84,0.86,164565,64913919
12/28/15,0.86,0.87,0.83,0.85,235134,64074279
12/29/15,0.84,0.87,0.83,0.87,215742,66222901
12/30/15,0.87,0.94,0.87,0.91,604078,69196765
12/31/15,0.91,0.98,0.91,0.93,663994,70858023
1/1/16,0.93,0.95,0.93,0.95,206062,71980386
1/2/16,0.95,0.97,0.94,0.94,255504,71176658
1/3/16,0.94,0.99,0.93,0.97,407632,73843292
1/4/16,0.97,0.98,0.93,0.95,346245,72543707
1/5/16,0.95,0.97,0.95,0.95,219833,72240974
1/6/16,0.95,0.96,0.94,0.95,308791,72317149
1/7/16,0.96,0.97,0.94,0.94,647462,71667152
1/8/16,0.94,0.99,0.94,0.99,545600,75099809
1/9/16,0.99,0.99,0.97,0.99,226281,75128312
1/10/16,0.99,1.00,0.98,1.00,390888,76097646
1/11/16,1.00,1.07,1.00,1.06,1011920,80874514
1/12/16,1.07,1.28,1.05,1.14,2898760,86951446
1/13/16,1.14,1.15,1.08,1.13,1005910,85775572
1/14/16,1.12,1.19,1.10,1.19,751961,90714399
1/15/16,1.18,1.32,1.14,1.21,3910550,92149709
1/16/16,1.22,1.31,1.17,1.22,2462630,93117298
1/17/16,1.22,1.33,1.21,1.33,1171150,101329330
1/18/16,1.33,1.54,1.32,1.43,4278930,108912542
1/19/16,1.42,1.46,1.31,1.37,2446740,104750746
1/20/16,1.36,1.62,1.35,1.53,2933220,117043472
1/21/16,1.53,1.59,1.49,1.55,1614960,118743869
1/22/16,1.55,1.58,1.47,1.50,1567240,114784065
1/23/16,1.50,2.03,1.50,1.97,7370980,150874912
1/24/16,1.90,2.30,1.90,2.14,9669770,163819884
1/25/16,2.15,2.66,2.06,2.50,10739300,191276220
1/26/16,2.53,2.84,1.99,2.28,13939200,174275656
1/27/16,2.25,2.59,2.19,2.39,6961080,182923580
1/28/16,2.41,2.68,2.34,2.53,4903850,193551356
1/29/16,2.54,2.61,2.30,2.49,6662340,191198055
1/30/16,2.51,2.61,2.40,2.45,3725080,187435391
1/31/16,2.44,2.53,2.19,2.31,5847500,176834424
2/1/16,2.32,2.32,2.12,2.21,3994100,169654871
2/2/16,2.22,2.45,2.16,2.44,3451270,187200922
2/3/16,2.43,2.54,2.34,2.53,3987750,194099730
2/4/16,2.53,2.63,2.44,2.58,3552320,197953037
2/5/16,2.57,2.61,2.47,2.54,2636700,195018592
2/6/16,2.53,2.56,2.47,2.53,1921240,194733892
2/7/16,2.54,3.06,2.54,2.96,7007060,227838892
2/8/16,2.97,3.27,2.88,3.18,9725690,244479014
2/9/16,3.17,4.04,3.17,4.04,17954000,311075408
2/10/16,4.00,4.86,3.78,4.44,28640400,341305129
2/11/16,4.50,6.29,4.34,6.01,26408200,462770855
2/12/16,5.95,6.58,5.07,5.55,23360800,427037697
2/13/16,5.69,5.72,4.19,5.39,24218800,414729231
2/14/16,5.40,5.47,4.45,5.24,11226500,403647764
2/15/16,5.33,5.89,5.02,5.29,13934200,407524960
2/16/16,5.33,5.47,4.03,4.32,15889100,332648533
2/17/16,4.29,4.77,3.50,3.76,15451000,289721943
2/18/16,3.77,4.77,3.42,4.40,17054000,339328346
2/19/16,4.38,4.79,4.27,4.74,7666320,365577845
2/20/16,4.68,4.75,4.13,4.34,8631090,335088727
2/21/16,4.36,4.71,4.23,4.65,6413550,359310563
2/22/16,4.66,5.65,4.64,5.62,15056200,433798974
2/23/16,5.68,5.95,5.39,5.59,13380600,431598157
2/24/16,5.60,6.24,5.51,6.24,11426500,481995066
2/25/16,6.19,6.65,5.55,6.10,21471800,471975064
2/26/16,6.04,6.27,5.74,5.92,9526860,457966535
2/27/16,5.96,6.53,5.92,6.43,8903210,497119698
2/28/16,6.41,6.62,6.24,6.47,9851660,500569665
2/29/16,6.46,6.61,6.05,6.34,7648020,490556570
3/1/16,6.32,7.91,6.31,7.65,23098100,592677993
3/2/16,7.63,8.75,7.37,8.47,29130200,655748796
3/3/16,8.44,10.10,8.33,9.29,40314900,720179291
3/4/16,9.24,10.41,8.48,10.41,35520100,806593727
3/5/16,10.37,12.27,9.97,11.00,56439600,853205226
3/6/16,11.20,11.84,9.99,11.38,39112000,882886756
3/7/16,11.43,11.65,9.31,9.55,34085100,741166643
3/8/16,9.58,10.17,8.82,9.85,25524300,764269545
3/9/16,9.79,12.05,9.67,11.90,27540500,923733301
3/10/16,11.88,12.24,10.99,11.31,26851500,877988473
3/11/16,11.22,11.60,10.39,11.08,21002700,861012043
3/12/16,11.13,13.53,11.09,13.53,48957300,1051728778
3/13/16,13.51,15.26,13.47,14.48,43915100,1125287882
3/14/16,14.51,15.01,11.58,12.45,58385100,968384041
3/15/16,13.00,13.20,12.05,13.01,28404500,1012119266
3/16/16,13.02,13.73,12.50,12.52,24335500,974447125
3/17/16,12.56,12.64,10.44,11.08,41650600,865792703
3/18/16,11.11,11.18,8.52,11.00,53956800,859618881
3/19/16,11.20,11.20,9.78,10.53,26735700,823422650
3/20/16,10.52,10.90,9.57,10.32,17651100,807256577
3/21/16,10.30,12.01,10.16,11.86,28572600,928428770
3/22/16,11.88,12.03,11.18,11.27,19730300,883434497
3/23/16,11.33,12.43,11.24,12.42,19353200,973296475
3/24/16,12.44,12.50,10.80,11.23,26081800,881027910
3/25/16,11.26,11.37,10.53,10.74,13782000,842804289
3/26/16,10.77,11.18,10.59,10.97,9425480,861261383
3/27/16,10.99,11.05,10.11,10.42,16744800,818048967
3/28/16,10.43,11.86,10.41,11.67,23188300,916272916
3/29/16,11.75,11.91,11.35,11.66,17684200,915917612
3/30/16,11.61,12.18,11.47,11.95,19351200,939593767
3/31/16,11.92,12.01,11.32,11.40,14966700,896764774
4/1/16,11.40,11.85,11.40,11.66,11373100,917590806
4/2/16,11.63,11.69,11.40,11.60,8682620,912861404
4/3/16,11.63,11.71,11.51,11.62,5580550,914757199
4/4/16,11.62,11.62,11.02,11.16,9599070,878817015
4/5/16,11.21,11.21,10.13,10.44,20557300,822498173
4/6/16,10.45,10.97,10.28,10.69,16997100,842318789
4/7/16,10.70,10.81,9.95,10.07,13464500,794097554
4/8/16,10.08,10.39,9.66,9.72,14660600,766797893
4/9/16,9.69,10.09,9.07,9.15,16194800,722193576
4/10/16,9.15,9.22,7.46,8.94,42613400,705565730
4/11/16,8.94,8.95,8.00,8.64,15138100,682735835
4/12/16,8.64,8.64,7.15,7.44,23190100,588069234
4/13/16,7.44,8.72,7.07,8.04,31403300,635899507
4/14/16,8.08,8.76,8.02,8.39,13590700,663262434
4/15/16,8.39,8.62,8.10,8.24,12179000,652099781
4/16/16,8.24,8.65,8.11,8.61,9888460,681383666
4/17/16,8.62,9.70,8.56,9.31,24619600,737045140
4/18/16,9.33,9.51,8.50,9.04,21084100,715710193
4/19/16,9.08,9.31,8.60,8.71,12899100,690548723
4/20/16,8.69,8.83,8.31,8.47,15634700,671081004
4/21/16,8.45,8.72,7.96,8.10,13355400,642511137
4/22/16,8.15,8.27,7.67,7.82,13309300,620481616
4/23/16,7.79,8.55,7.74,8.29,14565200,658310822
4/24/16,8.29,8.47,7.96,8.00,10786400,635274078
4/25/16,8.01,8.09,7.24,7.55,18239900,600026226
4/26/16,7.53,7.55,7.06,7.40,17667300,587763650
4/27/16,7.39,7.97,7.32,7.76,19254500,616849026
4/28/16,7.74,7.91,7.17,7.17,11576000,570380061
4/29/16,7.21,7.73,7.17,7.46,8762080,593261114
4/30/16,7.45,9.37,7.45,8.81,36573300,701473017
5/1/16,8.78,9.01,8.43,8.85,16713800,704335725
5/2/16,8.89,10.32,8.85,10.16,41019200,809492236
5/3/16,10.17,10.17,9.28,9.31,21463900,741932869
5/4/16,9.38,10.03,9.27,9.41,17622400,750396087
5/5/16,9.40,10.05,9.29,9.83,18296200,783576042
5/6/16,9.81,9.95,9.04,9.35,21510600,745638476
5/7/16,9.32,9.48,9.21,9.37,10806500,747838842
5/8/16,9.37,9.60,8.93,9.48,15031000,757112769
5/9/16,9.49,9.64,9.20,9.30,13085300,742621899
5/10/16,9.28,9.48,9.26,9.36,9321790,748013846
5/11/16,9.43,10.01,9.39,10.00,15267500,799045673
5/12/16,10.00,10.51,9.86,10.06,24137700,804287196
5/13/16,10.06,11.05,10.02,10.51,31276900,840514936
5/14/16,10.51,10.61,9.81,10.24,18808000,819487228
5/15/16,10.24,10.44,9.93,9.96,9218400,797607883
5/16/16,9.97,11.44,9.97,11.17,29079900,894750992
5/17/16,11.19,12.49,11.15,12.20,37198700,977439936
5/18/16,12.18,14.26,12.18,13.56,65389900,1086834954
5/19/16,13.54,14.87,13.34,14.77,53757500,1184385765
5/20/16,14.85,15.05,13.38,13.64,50544100,1093879433
5/21/16,13.69,14.05,13.12,14.02,24648400,1124761560
5/22/16,14.04,14.35,13.77,14.29,17938900,1146979484
5/23/16,14.28,14.49,13.19,13.46,23842800,1081207347
5/24/16,13.31,13.77,12.01,12.73,41560600,1023046506
5/25/16,12.79,12.90,11.77,12.53,27444700,1006875564
5/26/16,12.52,12.99,12.06,12.43,20764000,999589702
5/27/16,12.39,12.39,10.50,11.30,57496400,908715671
5/28/16,11.33,12.36,10.37,11.89,47274800,957134590
5/29/16,12.11,12.69,11.78,12.35,28598400,994349367
5/30/16,12.33,12.88,12.27,12.73,14733800,1024940354
5/31/16,12.74,14.27,12.64,14.08,42433400,1134278934
6/1/16,14.11,14.32,13.44,14.00,22471300,1128621280
6/2/16,13.99,14.05,13.63,13.74,10477200,1107823663
6/3/16,13.74,13.87,13.25,13.85,22981500,1117035879
6/4/16,13.86,13.95,13.42,13.74,15792400,1108902326
6/5/16,13.76,14.07,13.57,13.98,11088400,1128276672
6/6/16,14.00,14.06,13.73,13.93,8720400,1125426017
6/7/16,13.95,14.51,13.81,14.51,21421600,1172565099
6/8/16,14.51,14.78,14.28,14.42,16941800,1165411416
6/9/16,14.43,14.57,14.34,14.40,8256830,1164331165
6/10/16,14.38,14.43,13.82,13.91,11312900,1125141726
6/11/16,13.91,14.19,13.72,14.19,12176500,1148494818
6/12/16,14.19,15.90,14.19,15.74,38210300,1274609697
6/13/16,15.77,17.64,15.72,17.60,38023400,1425681023
6/14/16,17.61,19.27,17.30,18.89,64412200,1530808958
6/15/16,18.91,18.91,17.71,18.35,19393400,1487730475
6/16/16,18.36,20.83,18.36,20.59,38531000,1669490450
6/17/16,20.65,21.52,13.57,15.38,199408000,1247381862
6/18/16,15.38,15.38,9.96,11.33,133937000,919553125
6/19/16,11.17,13.18,10.64,12.23,69783600,993283674
6/20/16,12.24,12.45,10.52,11.84,58143600,961613934
6/21/16,11.82,13.42,11.29,13.31,69245600,1081206507
6/22/16,13.20,15.79,13.10,13.10,96994096,1064441461
6/23/16,13.22,13.79,12.56,13.68,30806400,1112111665
6/24/16,13.68,14.57,13.22,14.33,33332900,1165908840
6/25/16,14.30,14.58,14.02,14.28,15383100,1162367709
6/26/16,14.26,14.37,13.66,13.85,14747600,1127593040
6/27/16,13.81,14.12,13.75,13.88,10994700,1130782777
6/28/16,13.93,13.98,11.72,12.18,43436600,992040075
6/29/16,12.17,13.04,11.69,12.61,26982800,1027934140
6/30/16,12.60,12.74,12.25,12.46,15801300,1016130567
7/1/16,12.44,12.49,11.73,12.20,17236500,995164390
7/2/16,12.22,12.22,11.95,12.13,8987070,989751702
7/3/16,12.12,12.15,11.59,11.72,10588700,956815986
7/4/16,11.70,11.88,11.39,11.47,12943500,936840410
7/5/16,11.46,11.52,9.58,10.61,45526900,866971680
7/6/16,10.58,11.11,10.28,10.53,18137300,860571470
7/7/16,10.54,10.57,9.80,10.11,15407200,826607193
7/8/16,10.12,11.52,9.96,11.39,20039800,932056896
7/9/16,11.42,11.46,10.73,10.97,17254800,897316512
7/10/16,10.96,11.01,10.78,10.95,5479240,896201853
7/11/16,10.94,11.01,10.26,10.46,13098000,856538034
7/12/16,10.45,10.76,10.43,10.52,11127700,861548337
7/13/16,10.51,10.59,10.40,10.50,6715660,860607720
7/14/16,10.60,11.68,10.60,11.51,23621900,943973547
7/15/16,11.50,12.43,11.49,11.95,26838900,980299532
7/16/16,11.92,11.94,11.59,11.65,10445700,956165958
7/17/16,11.62,11.67,11.01,11.16,17921600,915977475
7/18/16,11.17,11.61,10.95,11.03,15931900,906133047
7/19/16,11.05,12.01,11.01,11.62,21730000,954516828
7/20/16,11.59,12.99,11.57,12.45,60226100,1023222624
7/21/16,12.46,12.71,11.99,12.65,24636900,1040082090
7/22/16,12.66,14.81,12.54,14.66,74779504,1205898353
7/23/16,14.67,14.90,14.05,14.30,32489700,1176571490
7/24/16,14.30,14.44,12.32,12.75,77750800,1049423539
7/25/16,12.74,13.86,12.68,13.84,36673800,1139304848
7/26/16,13.82,13.85,11.73,11.99,94428800,987619812
7/27/16,12.05,13.31,11.84,12.97,58278800,1069044527
7/28/16,12.98,12.99,12.49,12.84,24603900,1058813509
7/29/16,12.84,12.87,12.55,12.79,14082300,1055182413
7/30/16,12.80,12.80,12.46,12.46,9047810,1028064459
7/31/16,12.44,12.51,11.55,11.88,25441400,980174931
8/1/16,11.89,12.01,10.94,10.94,23999500,903408507
8/2/16,10.95,11.14,8.20,8.79,88803296,725809584
8/3/16,8.88,10.42,8.88,10.29,53979400,850578647
8/4/16,10.31,11.29,10.16,11.04,38151400,912823135
8/5/16,11.02,11.18,10.76,10.93,15487900,903471435
8/6/16,10.92,10.94,10.29,10.88,16712600,900151688
8/7/16,10.86,11.09,10.78,10.91,16551000,903026897
8/8/16,10.91,11.33,10.86,11.25,14956700,931013385
8/9/16,11.27,12.45,11.20,12.24,36656600,1014113084
8/10/16,12.23,12.46,11.98,12.14,28096300,1006130318
8/11/16,12.14,12.27,11.63,11.69,17505000,969030731
8/12/16,11.69,12.04,11.64,11.78,13690100,976670290
8/13/16,11.77,11.79,11.51,11.57,7539490,959859186
8/14/16,11.58,11.69,11.10,11.19,8680160,928985642
8/15/16,11.20,11.31,11.00,11.22,7500840,931306989
8/16/16,11.23,11.24,11.00,11.14,7051510,925130735
8/17/16,11.13,11.15,10.75,10.75,8833760,893343056
8/18/16,10.75,11.01,10.74,10.76,6935800,893970119
8/19/16,10.75,10.80,10.73,10.75,5390850,893697474
8/20/16,10.75,11.30,10.75,11.25,7443540,935523908
8/21/16,11.25,11.25,10.99,11.18,4355660,930217061
8/22/16,11.19,11.34,11.07,11.12,6588920,925725247
8/23/16,11.14,11.23,10.90,11.03,6489380,918563334
8/24/16,11.02,11.15,11.01,11.04,4423420,919368975
8/25/16,11.03,11.39,11.02,11.36,8552380,946508890
8/26/16,11.35,11.45,11.21,11.30,5857850,941701926
8/27/16,11.29,11.29,11.14,11.15,15108400,929789646
8/28/16,11.15,11.15,10.92,10.93,5303040,911883241
8/29/16,10.92,11.15,10.79,10.98,8130540,916781161
8/30/16,10.99,11.30,10.96,11.23,7221260,937596563
8/31/16,11.24,11.68,11.18,11.67,11073700,975003119
9/1/16,11.67,12.58,11.65,11.99,24051500,1002322694
9/2/16,11.96,12.31,11.88,12.11,9368300,1012583470
9/3/16,12.11,12.36,11.35,11.76,13358800,983336326
9/4/16,11.75,11.79,11.47,11.68,7220550,977118527
9/5/16,11.68,11.81,11.59,11.72,5724100,980599518
9/6/16,11.73,11.73,11.47,11.69,6346330,978635238
9/7/16,11.69,11.73,11.52,11.55,6115050,967186182
9/8/16,11.55,11.70,11.25,11.35,11535000,950629714
9/9/16,11.41,11.68,11.39,11.65,6109200,976718524
9/10/16,11.66,12.22,11.54,12.17,7220300,1020331771
9/11/16,12.21,12.21,11.59,11.64,8791180,976259356
9/12/16,11.64,11.95,11.61,11.89,7478080,998057810
9/13/16,11.89,12.09,11.88,11.92,11704300,1000535934
9/14/16,11.90,12.00,11.86,11.92,5694820,1001301306
9/15/16,11.94,12.14,11.92,11.94,7309090,1002844845
9/16/16,11.96,12.75,11.90,12.56,17421500,1055235487
9/17/16,12.56,12.76,12.44,12.70,7446610,1067645133
9/18/16,12.69,12.99,12.16,12.43,22433300,1045462817
9/19/16,12.44,13.19,12.42,13.19,13838800,1109717807
9/20/16,13.21,14.43,13.12,14.43,31929100,1214629780
9/21/16,14.43,14.43,13.17,13.77,28645000,1159365902
9/22/16,13.66,13.66,12.48,13.25,27382800,1115922936
9/23/16,13.21,13.45,13.10,13.33,9166430,1123430818
9/24/16,13.32,13.34,12.68,12.88,9824880,1085651021
9/25/16,12.85,13.11,12.80,13.10,5283440,1104901553
9/26/16,13.17,13.17,12.74,12.82,7213070,1081884909
9/27/16,12.86,13.21,12.86,13.10,6831070,1105565483
9/28/16,13.11,13.48,13.08,13.27,10239000,1120893441
9/29/16,13.28,13.34,13.07,13.07,5990630,1104310043
9/30/16,13.08,13.34,13.02,13.22,5950840,1117517388
10/1/16,13.20,13.31,13.05,13.17,6331160,1113568557
10/2/16,13.18,13.30,13.14,13.20,4079660,1116323115
10/3/16,13.20,13.49,13.19,13.45,7458320,1138142255
10/4/16,13.45,13.53,13.21,13.28,8348280,1123727868
10/5/16,13.28,13.35,13.04,13.04,9881370,1103736600
10/6/16,13.03,13.14,12.69,12.85,12044800,1088798918
10/7/16,12.85,12.99,12.53,12.67,8933050,1073405275
10/8/16,12.67,12.69,12.05,12.22,11611200,1035883228
10/9/16,12.22,12.36,11.98,12.05,7208480,1022264082
10/10/16,12.06,12.06,11.62,11.76,10809200,997363895
10/11/16,11.76,12.16,11.75,11.79,11727700,1000308761
10/12/16,11.78,12.07,11.71,11.93,9694640,1013248317
10/13/16,11.91,12.13,11.78,11.96,8665190,1016169767
10/14/16,11.99,12.07,11.90,11.94,4333510,1014456176
10/15/16,11.94,12.00,11.78,11.98,4991840,1018682988
10/16/16,11.98,12.01,11.93,11.95,3617280,1016373308
10/17/16,11.96,12.03,11.86,12.01,5724440,1021302744
10/18/16,12.00,12.93,12.00,12.59,18864200,1071362741
10/19/16,12.59,12.62,11.91,12.02,10576200,1023599502
10/20/16,12.05,12.29,12.00,12.10,8170760,1030522234
10/21/16,12.13,12.21,12.02,12.18,5676920,1037420190
10/22/16,12.18,12.19,11.95,12.07,7583820,1028949804
10/23/16,12.13,12.14,11.94,12.04,5774660,1026301229
10/24/16,12.04,12.10,11.91,11.97,5739690,1020971991
10/25/16,11.97,11.99,11.15,11.41,19316000,973991742
10/26/16,11.38,11.66,11.38,11.53,10221800,984429110
10/27/16,11.53,11.61,11.26,11.50,13255400,982033774
10/28/16,11.47,11.58,10.95,11.09,13971500,946972469
10/29/16,11.10,11.20,9.56,10.44,27070400,892565736
10/30/16,10.43,11.45,10.29,11.18,16694900,956007454
10/31/16,11.23,11.50,10.94,11.00,13393900,940578264
11/1/16,10.96,11.18,10.30,10.77,22901300,921057444
11/2/16,10.77,11.16,10.69,10.75,11691700,920236997
11/3/16,10.80,11.11,10.76,10.80,15228600,924716659
11/4/16,10.82,11.12,10.82,11.09,9958040,949862035
11/5/16,11.09,11.24,10.88,11.00,5502670,942653972
11/6/16,10.99,11.25,10.85,10.87,5688710,931947467
11/7/16,10.90,10.96,10.78,10.81,5992480,926761430
11/8/16,10.85,10.92,10.74,10.83,6258150,929246807
11/9/16,10.82,10.83,10.22,10.66,14606600,914292103
11/10/16,10.67,10.68,10.51,10.52,4253980,903380024
11/11/16,10.51,10.57,10.26,10.29,6056300,883565427
11/12/16,10.29,10.34,9.70,9.88,10052500,848509382
11/13/16,9.89,10.41,9.84,10.10,8227770,868038290
11/14/16,10.10,10.16,9.96,9.97,3573250,856753361
11/15/16,9.97,10.32,9.85,10.22,6557550,878653067
11/16/16,10.22,10.33,9.93,10.06,9533550,865349966
11/17/16,10.06,10.19,9.92,9.99,6984700,859814328
11/18/16,9.99,10.01,9.48,9.48,10816100,815806832
11/19/16,9.48,9.75,9.48,9.66,5186540,832183861
11/20/16,9.66,9.71,9.52,9.58,5173420,825305262
11/21/16,9.58,9.64,9.54,9.62,3663210,829190391
11/22/16,9.63,10.24,9.59,9.91,11284400,854053528
11/23/16,9.92,9.96,9.76,9.84,4812310,849020680
11/24/16,9.85,9.85,8.93,9.23,15987800,796538442
11/25/16,9.23,9.75,9.21,9.40,7669720,811553949
11/26/16,9.42,9.50,9.31,9.33,3505990,805474198
11/27/16,9.31,9.33,8.78,9.00,8707660,777313922
11/28/16,9.00,9.01,8.72,8.72,6046890,753971438
11/29/16,8.73,8.74,7.88,8.17,17000400,706651179
11/30/16,8.16,8.75,8.16,8.59,10626600,742664775
12/1/16,8.60,8.65,8.36,8.45,5882340,731254342
12/2/16,8.46,8.46,7.42,7.76,18579800,671587252
12/3/16,7.77,8.15,7.67,7.92,12112100,685808136
12/4/16,7.90,7.95,7.44,7.44,8450790,644685715
12/5/16,7.41,7.64,6.66,6.82,17344500,591026579
12/6/16,6.80,7.92,5.98,7.87,50671200,682013454
12/7/16,7.89,8.54,7.33,8.38,22229600,726702380
12/8/16,8.38,8.86,8.23,8.23,16042700,713877391
12/9/16,8.17,8.67,8.05,8.45,12916300,732836297
12/10/16,8.44,8.53,8.02,8.13,8108370,705254561
12/11/16,8.13,8.27,8.10,8.19,5545500,711457159
12/12/16,8.19,8.61,8.17,8.52,9119700,740255866
12/13/16,8.52,8.53,8.35,8.42,4486190,731892846
12/14/16,8.45,8.52,8.25,8.27,7337220,718460239
12/15/16,8.24,8.24,7.72,7.83,13184400,680740349
12/16/16,7.86,7.93,7.80,7.86,5178610,683575806
12/17/16,7.86,7.90,7.52,7.88,8502620,685426528
12/18/16,7.86,7.93,7.72,7.87,5890020,684696555
12/19/16,7.87,7.87,7.63,7.64,5894760,665654987
12/20/16,7.63,7.75,7.57,7.66,6313550,667309961
12/21/16,7.66,7.94,7.66,7.91,9393550,689718972
12/22/16,7.90,7.91,7.50,7.59,16376700,661247899
12/23/16,7.58,7.69,7.16,7.17,19613100,624956487
12/24/16,7.15,7.41,7.15,7.27,7626020,633871896
12/25/16,7.26,7.34,7.14,7.18,8671840,626189631
12/26/16,7.13,7.33,7.05,7.27,5836810,635060699
12/27/16,7.28,7.32,7.09,7.17,8778610,626268701
12/28/16,7.15,7.62,7.08,7.52,17453300,657011884
12/29/16,7.54,8.53,7.54,8.28,27543800,724028107
12/30/16,8.29,8.47,8.05,8.16,13909900,713433620
12/31/16,8.15,8.16,7.91,7.97,9066800,696993600
1/1/17,7.98,8.47,7.98,8.17,14731700,715049208
1/2/17,8.17,8.44,8.05,8.38,14579600,733331654
1/3/17,8.37,10.00,8.32,9.73,33625200,851512055
1/4/17,9.71,11.28,9.56,11.25,41051200,985515893
1/5/17,11.29,11.89,9.40,10.25,41557400,898497892
1/6/17,10.29,10.63,9.63,10.25,29471800,898845928
1/7/17,10.24,10.28,9.59,9.87,23153600,865194523
1/8/17,9.87,10.39,9.83,10.29,16676600,902576769
1/9/17,10.31,10.78,10.14,10.33,25718300,906044584
1/10/17,10.37,10.69,10.29,10.55,10879700,926031183
1/11/17,10.54,10.66,9.46,9.72,26823500,853319722
1/12/17,9.72,10.08,9.18,9.86,30453800,866237622
1/13/17,9.83,9.85,9.51,9.77,25066600,858481082
1/14/17,9.79,9.89,9.44,9.65,20085800,847990590
1/15/17,9.83,10.00,9.60,9.90,14837900,870948977
1/16/17,9.88,9.93,9.58,9.64,14937400,847706513
1/17/17,9.64,10.61,9.54,10.30,18391900,906597925
1/18/17,10.30,10.52,9.94,10.23,10788200,900365728
1/19/17,10.24,10.44,10.18,10.40,8347550,915611849
1/20/17,10.39,10.76,10.35,10.60,10992800,933854252
1/21/17,10.60,10.98,10.58,10.91,11937600,961383820
1/22/17,10.91,10.97,10.58,10.70,8678620,943567856
1/23/17,10.71,10.84,10.67,10.82,7267210,954275900
1/24/17,10.73,10.77,10.57,10.63,8327330,938004330
1/25/17,10.62,10.62,10.48,10.57,6751450,932866678
1/26/17,10.57,10.67,10.51,10.59,8465020,934844928
1/27/17,10.58,10.61,10.44,10.54,7189170,930599699
1/28/17,10.54,10.58,10.43,10.56,6580700,933378690
1/29/17,10.56,10.57,10.45,10.48,4689950,926548657
1/30/17,10.49,10.71,10.47,10.57,8042180,934593362
1/31/17,10.56,10.75,10.55,10.73,11648700,948748952
2/1/17,10.74,10.85,10.56,10.73,12852200,949491718
2/2/17,10.74,10.89,10.55,10.82,10172500,957731836
2/3/17,10.81,11.11,10.76,11.11,12897800,984019776
2/4/17,11.13,11.50,11.13,11.43,14139500,1012625893
2/5/17,11.44,11.49,11.32,11.35,5942960,1005855021
2/6/17,11.35,11.48,11.34,11.39,5695440,1009440330
2/7/17,11.43,11.61,11.41,11.52,7629640,1020961130
2/8/17,11.54,11.63,11.24,11.43,9688630,1013867331
2/9/17,11.44,11.60,10.67,11.03,18400300,978825690
2/10/17,11.05,11.34,10.78,11.28,11914200,1001069228
2/11/17,11.29,11.43,11.24,11.35,7544520,1007694076
2/12/17,11.35,11.40,11.30,11.40,6264900,1012466457
2/13/17,11.38,11.39,11.17,11.27,7216520,1001304093
2/14/17,11.29,13.33,11.29,13.03,42911500,1157709435
2/15/17,13.04,13.04,12.64,12.92,18464700,1148742628
2/16/17,12.92,12.92,12.54,12.90,38002600,1147726668
2/17/17,12.90,12.91,12.66,12.68,11636500,1127915204
2/18/17,12.71,12.83,12.68,12.81,9370010,1140211197
2/19/17,12.82,12.87,12.71,12.76,7799740,1136008890
2/20/17,12.77,12.90,12.43,12.43,12994400,1107158285
2/21/17,12.34,12.77,12.21,12.67,15183300,1128781640
2/22/17,12.69,12.76,12.55,12.60,10360900,1123050433
2/23/17,12.60,13.21,12.56,13.12,14522300,1169783161
2/24/17,13.13,13.23,12.88,13.07,19574400,1165715765
2/25/17,13.06,13.72,12.98,13.55,18533900,1208911983
2/26/17,13.52,14.54,13.40,14.52,20307500,1296040794
2/27/17,14.51,15.68,14.27,15.40,31667000,1374757041
2/28/17,15.45,16.06,15.12,15.82,65478900,1412825288
3/1/17,15.85,17.37,15.56,17.35,44927500,1550251865
3/2/17,17.36,19.35,16.95,19.03,83627104,1701011948
3/3/17,19.04,20.67,18.41,19.46,95863400,1739949803
3/4/17,19.52,20.06,18.62,18.62,27341900,1665411583
3/5/17,18.50,19.42,18.23,19.30,26816300,1727148626
3/6/17,19.28,20.10,19.11,19.61,32432700,1754907794
3/7/17,19.58,19.63,18.64,18.89,37972200,1691307055
3/8/17,18.88,18.88,16.65,16.65,44304600,1491498830
3/9/17,16.64,17.87,16.37,17.75,31418400,1590879625
3/10/17,17.74,19.66,17.68,19.33,87506800,1732837145
3/11/17,19.37,21.59,19.01,21.47,69150096,1925342939
3/12/17,21.46,23.44,21.38,23.44,74628896,2102276260
3/13/17,23.50,30.60,23.50,28.59,255488000,2565583285
3/14/17,28.57,29.93,27.32,28.65,101797000,2572014998
3/15/17,28.65,35.06,28.43,35.06,170344000,3147689118
3/16/17,35.36,47.17,35.36,46.35,454417984,4162873752
3/17/17,45.93,55.11,38.21,46.83,497534016,4207676009
3/18/17,46.87,46.87,31.70,34.16,262180000,3070500515
3/19/17,35.53,47.00,35.34,44.74,239430000,4022867100
3/20/17,44.83,46.23,42.44,43.39,154700992,3902862599
3/21/17,43.51,44.26,42.37,43.15,91265400,3882154700
3/22/17,43.12,43.52,39.69,42.34,113952000,3811229796
3/23/17,42.57,44.75,41.30,43.68,100724000,3932863932
3/24/17,43.64,54.14,43.21,53.11,297046016,4783511280
3/25/17,53.58,53.58,48.31,51.25,223059008,4617794703
3/26/17,50.77,51.80,49.28,50.52,106859000,4553738462
3/27/17,51.31,52.46,48.93,49.67,118978000,4478238274
3/28/17,49.71,50.96,49.15,50.77,97745296,4579693493
3/29/17,50.57,53.87,50.55,53.13,144998000,4793424049
3/30/17,53.12,53.31,51.87,52.21,86885696,4711996588
3/31/17,51.75,51.77,47.38,50.04,151416000,4517835716
4/1/17,50.03,51.93,48.88,50.70,92461904,4579187936
4/2/17,50.74,51.27,45.43,48.75,134604000,4404475423
4/3/17,48.82,48.82,43.41,44.36,190512992,4009009196
4/4/17,43.92,45.74,41.72,44.64,157568000,4036201194
4/5/17,44.66,47.84,44.54,45.30,119733000,4097477788
4/6/17,45.22,45.64,40.90,43.24,147120000,3912317959
4/7/17,42.87,44.04,41.65,42.16,81474704,3815963046
4/8/17,41.80,45.21,41.73,44.31,74138800,4011422381
4/9/17,44.28,44.49,42.89,43.27,55143000,3918563431
4/10/17,43.28,44.14,42.42,43.44,44061500,3935103268
4/11/17,43.50,44.25,43.30,43.41,38303300,3933886291
4/12/17,43.46,47.23,43.11,46.29,88045696,4196302994
4/13/17,46.31,50.91,46.31,50.22,157200000,4554299452
4/14/17,49.97,50.05,46.76,47.57,91674400,4315878957
4/15/17,47.65,49.57,47.18,49.10,66207800,4455916490
4/16/17,49.04,49.14,48.19,48.72,31343800,4422644315
4/17/17,48.66,48.75,48.05,48.30,44013300,4386552041
4/18/17,48.32,51.03,48.30,50.71,78748496,4606307174
4/19/17,50.73,50.95,47.26,48.31,76281000,4389519738
4/20/17,48.13,49.99,48.13,49.67,79600896,4515241563
4/21/17,49.64,49.66,48.14,48.22,45048300,4385105012
4/22/17,48.18,48.74,48.17,48.55,37357600,4416442028
4/23/17,48.59,48.89,48.17,48.49,36234000,4412126295
4/24/17,48.87,50.18,48.87,50.03,55580600,4553943109
4/25/17,50.07,50.30,49.81,49.89,38264600,4542708761
4/26/17,49.91,53.44,49.91,52.72,104884000,4801851008
4/27/17,52.81,62.17,52.29,62.17,246775008,5664157655
4/28/17,62.23,70.85,62.13,70.16,346545984,6394355247
4/29/17,71.39,71.90,66.78,68.38,165448000,6233911088
4/30/17,68.54,79.02,68.35,79.02,229944992,7206669917
5/1/17,79.32,82.52,73.09,76.30,376841984,6960466482
5/2/17,76.65,79.35,74.38,77.26,193772992,7050941746
5/3/17,77.25,80.10,75.76,79.72,141922000,7277279246
5/4/17,79.72,97.56,79.43,96.98,366847008,8856050446
5/5/17,96.73,103.23,92.22,94.40,331928000,8622992171
5/6/17,94.91,97.88,90.95,97.81,151462000,8937843151
5/7/17,97.87,98.24,89.87,94.01,183295008,8592854298
5/8/17,93.75,95.14,89.51,91.42,231344000,8359085414
5/9/17,91.23,93.06,80.39,91.16,363433984,8338258352
5/10/17,91.15,92.85,85.29,89.52,145602000,8191083680
5/11/17,89.77,102.55,88.48,89.88,132722000,8226220249
5/12/17,89.43,93.12,88.66,88.66,145824992,8116816184
5/13/17,88.69,93.81,86.66,90.84,88742200,8319066651
5/14/17,90.87,91.25,89.61,90.79,66046600,8317148601
5/15/17,90.78,95.43,86.83,92.41,170999008,8468960166
5/16/17,92.39,93.56,89.12,89.44,152284992,8198722531
5/17/17,89.25,91.27,84.43,89.86,183031008,8239948169
5/18/17,89.84,97.37,89.84,96.91,196236992,8888797357
5/19/17,97.05,133.56,97.05,129.53,626945024,11884632930
5/20/17,129.22,133.64,124.70,126.52,331455008,11612447946
5/21/17,127.54,159.03,125.89,157.94,570361024,14500421529
5/22/17,158.17,201.75,152.47,174.26,1188909952,16004156112
5/23/17,170.82,183.55,169.93,181.95,530708992,16715702521
5/24/17,182.65,228.37,182.45,190.05,561014016,17464735543
5/25/17,189.85,210.98,170.51,174.45,943636992,16036165877
5/26/17,175.22,193.69,150.28,160.40,792457984,14749889600
5/27/17,159.82,166.95,120.44,157.76,1217059968,14511207045
5/28/17,158.82,179.93,157.60,170.51,717971008,15689192548
5/29/17,170.13,197.13,164.53,194.91,718828032,17939882189
5/30/17,195.61,233.71,189.29,231.91,1586669952,21352550184
5/31/17,231.58,236.96,215.57,230.67,1271600000,21244817139
6/1/17,230.89,236.22,214.48,222.24,812924032,20474652879
6/2/17,222.29,229.41,219.58,223.77,469532000,20622162299
6/3/17,223.46,225.97,219.42,224.38,427896000,20683715605
6/4/17,224.12,250.41,223.98,245.33,753820032,22622207553
6/5/17,245.26,249.47,243.05,248.46,435660000,22917910489
6/6/17,248.60,267.51,246.84,264.47,741553024,24401181121
6/7/17,264.26,264.67,254.04,258.07,461648992,23818300202
6/8/17,257.99,262.25,253.98,261.67,385494016,24157329921
6/9/17,261.75,282.76,261.75,281.74,557985984,26018098658
6/10/17,282.01,350.26,282.01,337.67,1611629952,31192780483
6/11/17,338.79,353.01,318.17,340.61,1373219968,31473965821
6/12/17,341.16,414.76,341.16,401.49,2882650112,37110948644
6/13/17,395.69,411.18,370.06,397.54,1717379968,36756801123
6/14/17,397.59,399.32,342.21,359.05,1272579968,33208658542
6/15/17,358.51,364.44,300.70,361.93,2463450112,33485258152
6/16/17,361.18,373.05,341.42,370.23,1096280064,34263095462
6/17/17,369.88,379.41,364.00,379.41,904652992,35124053707
6/18/17,379.52,390.58,368.84,371.46,904702976,34398150201
6/19/17,371.86,377.11,369.76,370.06,685171968,34278915230
6/20/17,370.33,377.97,350.94,359.01,1020390016,33260958885
6/21/17,359.54,361.34,319.48,336.87,1420130048,31222823000
6/22/17,337.73,342.03,330.62,336.37,925766976,31185326164
6/23/17,336.48,348.01,334.99,341.74,593206976,31691908924
6/24/17,341.63,343.62,322.09,323.70,673585024,30027238696
6/25/17,323.47,332.79,284.65,303.25,1186880000,28138409364
6/26/17,302.95,311.46,238.65,272.69,2081810048,25309759968
6/27/17,272.69,293.09,227.14,293.09,1973869952,27211279055
6/28/17,293.04,333.10,276.41,327.93,2056550016,30454577323
6/29/17,328.37,330.71,297.37,302.88,1508579968,28136918558
6/30/17,303.15,315.17,288.44,294.92,1011800000,27404731861
7/1/17,293.35,293.75,268.62,274.60,1089200000,25524313603
7/2/17,275.12,295.51,262.52,287.99,1123330048,26776243984
7/3/17,288.41,291.10,281.18,282.90,851408000,26310761677
7/4/17,282.19,287.39,273.11,273.30,687691008,25425860777
7/5/17,273.10,275.13,261.45,268.77,790256000,25011710285
7/6/17,268.86,278.48,265.51,270.55,623080000,25179348911
7/7/17,270.35,273.94,244.17,245.99,687251968,22900134646
7/8/17,245.89,273.48,236.55,251.70,754958016,23443013086
7/9/17,251.82,255.10,242.14,242.14,505118016,22559120946
7/10/17,243.01,243.07,196.96,215.36,937219008,20069373698
7/11/17,211.52,220.29,183.39,197.40,1440950016,18401040701
7/12/17,197.15,230.77,189.59,230.77,1241190016,21517152174
7/13/17,231.81,231.81,200.07,209.73,828489024,19560300930
7/14/17,209.53,211.10,187.37,199.66,749382016,18625794688
7/15/17,199.71,200.16,170.65,170.65,810451968,15923953593
7/16/17,169.57,172.01,133.72,157.36,1516889984,14687441605
7/17/17,159.99,194.75,158.04,193.42,1669500032,18057735704
7/18/17,195.03,267.99,182.06,234.39,2709260032,21887962776
7/19/17,234.94,245.65,191.74,199.70,2328790016,18653610729
7/20/17,205.42,233.90,203.22,227.26,2224999936,21233651866
7/21/17,226.06,235.12,213.01,218.30,1006129984,20401709506
7/22/17,217.86,232.70,216.87,229.48,618259968,21451273566
7/23/17,229.12,231.68,217.72,225.95,649614976,21127295409
7/24/17,226.29,227.54,222.45,224.71,431691008,21016755177
7/25/17,224.37,225.32,195.85,206.71,1095760000,19338262506
7/26/17,207.09,210.77,194.78,203.95,717692032,19085332800
7/27/17,204.86,206.44,201.26,204.32,393283008,19124468250
7/28/17,204.32,204.90,192.30,193.12,562571008,18081289103
7/29/17,193.34,208.68,179.65,205.79,824355008,19272280500
7/30/17,206.74,208.54,196.15,197.98,596233984,18545669554
7/31/17,197.40,203.87,193.41,203.87,569414016,19102596755
8/1/17,204.69,227.74,204.69,226.77,1585330048,21252988047
8/2/17,227.01,229.51,218.12,219.95,632606016,20618746852
8/3/17,220.18,228.29,219.89,225.34,557217024,21128736918
8/4/17,225.31,227.62,222.06,223.07,539782976,20920682038
8/5/17,222.85,256.51,221.95,256.51,1332999936,24061766194
8/6/17,256.42,271.05,252.85,261.57,1482979968,24541904159
8/7/17,261.24,271.96,256.69,269.18,935726976,25262099071
8/8/17,269.10,298.91,266.80,296.77,1502409984,27857712299
8/9/17,297.63,318.72,276.69,296.03,2638579968,27794475648
8/10/17,296.96,306.59,289.93,295.89,1076819968,27788165832
8/11/17,294.49,309.21,294.49,308.86,953576000,29013166489
8/12/17,308.71,317.56,307.90,310.60,1111650048,29183139234
8/13/17,310.37,310.82,289.31,298.06,1369369984,28011760531
8/14/17,298.03,306.81,296.41,300.10,864390976,28209451117
8/15/17,299.95,300.41,279.33,289.82,1051800000,27249639651
8/16/17,289.82,303.41,285.39,302.27,967643008,28426961863
8/17/17,302.80,311.03,300.25,301.46,909494016,28357573570
8/18/17,301.70,307.96,292.50,295.59,936160000,27812276026
8/19/17,296.18,301.67,286.18,297.47,860201984,27995885731
8/20/17,296.64,301.43,291.58,301.43,571947008,28375046491
8/21/17,300.48,347.05,297.23,321.59,2448969984,30280406340
8/22/17,321.05,327.36,297.91,314.79,1336400000,29646659314
8/23/17,315.27,324.21,314.54,317.52,811990016,29911326162
8/24/17,317.45,327.96,317.08,325.61,697665024,30680964300
8/25/17,326.11,336.40,325.80,331.92,760329024,31281210162
8/26/17,331.99,334.98,327.92,333.88,514180992,31472781162
8/27/17,334.36,347.89,334.36,347.89,633369984,32799991739
8/28/17,350.04,352.05,338.41,347.75,854318976,32792635350
8/29/17,347.96,373.76,347.79,370.67,1220029952,34961063278
8/30/17,369.47,388.75,361.97,378.48,1333319936,35705639885
8/31/17,378.44,386.14,376.35,383.04,706254016,36142706814
9/1/17,383.47,390.04,383.47,387.74,874222016,36593410761
9/2/17,387.82,389.35,328.10,348.98,1483600000,32942250738
9/3/17,350.23,366.49,332.23,347.48,986265984,32807142041
9/4/17,347.13,347.13,279.94,295.17,1801689984,27873682151
9/5/17,297.57,318.57,268.29,312.99,1551049984,29562162666
9/6/17,313.80,334.66,313.49,334.34,1058830016,31584914370
9/7/17,333.52,333.52,319.94,329.43,718624000,31127463390
9/8/17,329.64,329.64,285.16,296.50,1098780032,28021550341
9/9/17,296.17,299.89,287.22,294.40,528620992,27829435118
9/10/17,294.06,294.76,268.97,288.75,698326016,27300089799
9/11/17,289.74,300.69,286.68,294.53,571307008,27852586150
9/12/17,294.63,311.20,287.23,291.46,753144000,27568017613
9/13/17,291.12,291.12,260.61,277.11,921692032,26215830135
9/14/17,276.59,280.84,213.91,213.91,1184589952,20240633669
9/15/17,215.22,258.65,195.04,250.46,1935699968,23704566170
9/16/17,250.87,262.59,238.22,246.52,711737024,23336257868
9/17/17,245.85,257.00,235.24,251.75,427452000,23835888183
9/18/17,252.23,293.50,252.23,293.50,1127750016,27794233413
9/19/17,293.66,295.77,274.48,282.80,646908992,26787085258
9/20/17,282.02,290.89,278.05,283.74,421404000,26881372918
9/21/17,283.26,286.61,255.02,258.58,601265984,24502550354
9/22/17,258.11,270.54,256.22,264.31,430080992,25049676632
9/23/17,264.60,286.17,261.12,286.17,450934016,27125537826
9/24/17,286.21,292.95,278.13,282.48,571411008,26780610986
9/25/17,282.22,293.52,281.88,292.33,483160992,27718684465
9/26/17,292.35,293.75,287.02,287.44,345800992,27259015800
9/27/17,287.02,308.02,286.82,306.47,550243968,29068342956
9/28/17,306.47,307.20,295.47,299.15,501894016,28379292201
9/29/17,299.12,299.92,279.77,291.47,541374976,27654290280
9/30/17,291.48,303.96,291.11,301.46,332439008,28607406298
10/1/17,301.55,303.19,295.06,302.34,306184992,28694730559
10/2/17,302.48,302.92,294.58,297.48,339443008,28237763674
10/3/17,297.48,300.11,288.13,292.46,321680000,27766443809
10/4/17,292.75,299.39,290.89,292.66,257906000,27789444567
10/5/17,292.77,298.04,288.84,295.86,253747008,28098336333
10/6/17,295.15,308.84,294.95,308.59,318664000,29311483315
10/7/17,308.89,313.13,304.98,311.12,342204992,29557048403
10/8/17,311.06,312.54,308.03,308.61,293167008,29322710612
10/9/17,308.67,309.31,288.18,297.39,559467008,28261533648
10/10/17,297.60,306.15,293.17,299.87,359705984,28501667385
10/11/17,301.18,304.39,299.10,303.46,264146000,28847211568
10/12/17,303.50,309.15,303.29,304.14,527556992,28916525240
10/13/17,304.08,348.60,299.66,338.76,1304359936,32213441854
10/14/17,338.85,347.98,334.70,339.63,516561984,32301459659
10/15/17,339.53,342.72,320.43,336.60,635406976,32018244067
10/16/17,336.71,349.35,332.04,333.38,692884992,31718200756
10/17/17,333.48,333.48,311.79,317.08,509924000,30173609812
10/18/17,316.94,317.24,290.64,314.32,606113984,29917084625
10/19/17,314.54,316.71,305.83,308.09,349830016,29330304837
10/20/17,308.05,311.44,303.49,304.01,396672992,28947916800
10/21/17,303.57,303.93,291.77,300.19,408014016,28590314194
10/22/17,300.55,305.50,292.81,295.45,327387008,28144794782
10/23/17,295.10,295.75,277.58,286.95,482336000,27341319876
10/24/17,287.12,311.96,282.66,298.33,684281024,28431576038
10/25/17,298.44,301.85,290.72,297.92,325040000,28399185652
10/26/17,298.02,301.07,295.22,296.53,270272992,28271925666
10/27/17,296.51,299.26,294.06,297.42,257168992,28363439564
10/28/17,297.92,300.36,293.58,296.30,264424000,28262202960
10/29/17,296.38,313.76,296.38,305.09,551752000,29106827254
10/30/17,304.78,310.50,304.35,307.75,331441984,29367079933
10/31/17,307.38,310.55,305.88,305.88,369583008,29194751985
11/1/17,305.76,306.40,290.58,291.69,553864000,27846764494
11/2/17,290.73,293.91,281.17,287.43,904900992,27445442368
11/3/17,288.50,308.31,287.69,305.71,646339968,29197317355
11/4/17,305.48,305.48,295.80,300.47,416479008,28702737365
11/5/17,300.04,301.37,295.12,296.26,337657984,28307052341
11/6/17,296.43,305.42,293.72,298.89,579358976,28564296472
11/7/17,298.57,304.84,290.77,294.66,540766016,28165778801
11/8/17,294.27,318.70,293.10,309.07,967955968,29549552409
11/9/17,308.64,329.45,307.06,320.88,893249984,30685584327
11/10/17,320.67,324.72,294.54,299.25,885985984,28623188738
11/11/17,298.59,319.45,298.19,314.68,842300992,30105285828
11/12/17,314.69,319.15,298.51,307.91,1613479936,29463540579
11/13/17,307.02,328.42,307.02,316.72,1041889984,30312834756
11/14/17,316.76,340.18,316.76,337.63,1069680000,32321383639
11/15/17,337.96,340.91,329.81,333.36,722665984,31919060540
11/16/17,333.44,336.16,323.61,330.92,797254016,31692795453
11/17/17,330.17,334.96,327.52,332.39,621732992,31840349187
11/18/17,331.98,349.62,327.69,347.61,649638976,33305160559
11/19/17,347.40,371.29,344.74,354.39,1181529984,33961430090
11/20/17,354.09,372.14,353.29,366.73,807027008,35151847933
11/21/17,367.44,372.47,350.69,360.40,949912000,34552559750
11/22/17,360.31,381.42,360.15,380.65,800819008,36501878925
11/23/17,381.44,425.55,376.09,410.17,1845680000,39340408036
11/24/17,412.50,480.97,402.76,474.91,2292829952,45560021462
11/25/17,475.68,485.19,461.05,466.28,1422080000,44741093552
11/26/17,465.97,472.72,451.61,471.33,1197779968,45235644662
11/27/17,471.53,493.40,468.48,480.36,1396480000,46111561438
11/28/17,480.52,482.48,466.35,472.90,1346499968,45405717909
11/29/17,473.28,522.31,425.07,427.52,2675940096,41057383009
11/30/17,431.21,465.50,401.24,447.11,1903040000,42947937239
12/1/17,445.21,472.61,428.31,466.54,1247879936,44823457369
12/2/17,466.85,476.24,456.65,463.45,943649984,44535863933
12/3/17,463.70,482.81,451.85,465.85,990556992,44776362724
12/4/17,466.05,474.78,453.31,470.20,1005550016,45204145125
12/5/17,470.29,473.56,457.66,463.28,1216720000,44548159326
12/6/17,462.60,462.71,420.21,428.59,1998259968,41220997942
12/7/17,426.37,441.40,414.41,434.41,2129570048,41789848007
12/8/17,434.99,466.06,422.37,456.03,2336379904,43879256076
12/9/17,457.34,504.15,456.25,473.50,2003849984,45570080683
12/10/17,472.79,472.79,429.51,441.72,1404179968,42520479602
12/11/17,440.36,516.97,439.10,515.14,1771440000,49597927198
12/12/17,522.29,657.32,504.49,651.43,5179829760,62733982232
12/13/17,644.91,747.99,597.80,702.77,4524539904,67692231422
12/14/17,700.59,753.12,664.99,695.82,3821580032,67036917107
12/15/17,696.38,697.13,621.06,684.45,2758710016,65956174321
12/16/17,686.19,718.39,680.79,696.21,2165690112,67103695920
12/17/17,696.24,735.83,696.24,719.97,2147389952,69409025338
12/18/17,721.73,803.93,689.23,794.65,3249230080,76623897492
12/19/17,793.90,881.94,785.34,826.82,4096549888,79743740362
12/20/17,827.52,845.06,756.00,819.09,3969939968,79014430828
12/21/17,820.24,880.54,792.69,821.06,3569060096,79221896341
12/22/17,822.64,827.68,543.76,674.86,4977710080,65129109277
12/23/17,681.32,763.90,679.73,719.39,2480339968,69441297649
12/24/17,721.77,721.77,614.92,694.15,2300549888,67019237420
12/25/17,698.87,782.52,698.87,765.83,2491760128,73955757349
12/26/17,763.37,786.79,760.93,773.84,2201159936,74744613931
12/27/17,774.97,789.25,738.41,762.84,2100029952,73698377070
12/28/17,762.21,763.32,701.19,737.02,2389149952,71219054808
12/29/17,740.39,770.12,729.61,753.59,2648969984,72835328712
12/30/17,753.82,753.82,685.23,717.26,3187780096,69338470696
12/31/17,712.21,760.35,710.12,756.73,2554269952,73170170967
1/1/18,755.76,782.53,742.00,772.64,2595760128,74724233458
1/2/18,772.35,914.83,772.35,884.44,5783349760,85552984077
1/3/18,886.00,974.47,868.45,962.72,5093159936,93146829617
1/4/18,961.71,1045.08,946.09,980.92,6502859776,94924308783
1/5/18,975.75,1075.39,956.33,997.72,6683149824,96574936368
1/6/18,995.15,1060.71,994.62,1041.68,4662219776,100852102738
1/7/18,1043.01,1153.17,1043.01,1153.17,5569880064,111670667774
1/8/18,1158.26,1266.93,1016.05,1148.53,8450970112,111244629093
1/9/18,1146.00,1320.98,1145.49,1299.74,7965459968,125917925182
1/10/18,1300.34,1417.38,1226.60,1255.82,9214950400,121689425203
1/11/18,1268.09,1337.30,1135.17,1154.93,7235899904,111937424561
1/12/18,1158.29,1296.04,1120.09,1273.20,5222300160,123426938667
1/13/18,1270.47,1432.88,1270.47,1396.42,5746760192,135400735922
1/14/18,1397.48,1400.56,1286.21,1366.77,4841630208,132554906162
1/15/18,1365.21,1390.59,1290.60,1291.92,4781100032,125319766537
1/16/18,1292.63,1292.63,875.54,1053.69,8405139968,102231295311
1/17/18,1061.34,1090.23,780.92,1014.25,8545160192,98429091487
1/18/18,1016.44,1100.31,967.76,1036.28,5938319872,100588318055
1/19/18,1028.82,1093.22,1003.71,1039.10,4084450048,100883462786
1/20/18,1044.95,1167.11,1044.95,1155.15,3975190016,112174461242
1/21/18,1155.68,1155.68,1021.50,1049.58,3378089984,101943726022
1/22/18,1055.35,1089.10,930.74,1003.26,3810099968,97465684890
1/23/18,1004.17,1023.23,920.54,986.23,3556699904,95831359552
1/24/18,987.48,1062.44,965.81,1058.78,3944039936,102902843882
1/25/18,1063.22,1104.66,1034.74,1056.03,4050190080,102657059605
1/26/18,1052.70,1080.60,996.78,1055.17,3617690112,102595008990
1/27/18,1055.75,1121.98,1042.12,1107.07,3002870016,107663911307
1/28/18,1111.78,1257.77,1111.78,1246.01,5372329984,121201618306
1/29/18,1246.70,1256.70,1169.08,1182.36,3715079936,115034583684
1/30/18,1184.13,1184.63,1058.97,1071.13,4107859968,104234481555
1/31/18,1071.09,1128.66,1034.50,1118.31,3757560064,108848638400
2/1/18,1119.37,1161.35,984.82,1036.79,5261680128,100935354837
2/2/18,1035.77,1035.77,757.98,915.78,6713290240,89173962074
2/3/18,919.21,991.94,847.69,964.02,3243480064,93890299032
2/4/18,964.67,969.03,805.06,834.68,2997090048,81310521832
2/5/18,834.96,856.65,644.60,697.95,4269530112,68005284183
2/6/18,707.74,796.44,574.42,793.12,6518269952,77294507868
2/7/18,790.43,851.20,723.43,757.07,3896179968,73796288509
2/8/18,755.84,845.09,755.84,817.81,3708189952,79733609806
2/9/18,818.48,884.00,788.83,883.86,2495820032,86191922699
2/10/18,882.47,917.40,825.58,860.41,2930530048,83922989198
2/11/18,859.29,859.29,788.22,814.66,2486650112,79476512347
2/12/18,817.51,875.94,817.51,868.71,2243450112,84767037716
2/13/18,869.29,870.71,828.84,845.26,2081170048,82496189206
2/14/18,844.28,926.43,844.28,923.56,2818370048,90157005929
2/15/18,923.73,951.95,911.11,936.98,2900100096,91485862822
2/16/18,934.79,950.01,917.85,944.21,2369449984,92211437654
2/17/18,944.75,976.59,940.75,974.11,2525720064,95151956513
2/18/18,973.35,982.93,915.45,923.92,2567290112,90267805476
2/19/18,921.67,957.78,921.55,943.86,2169019904,92235641556
2/20/18,943.57,965.27,892.95,895.37,2545260032,87514997546
2/21/18,894.14,912.38,830.56,849.97,2531729920,83095081059
2/22/18,849.26,875.93,802.67,812.84,2150370048,79482140044
2/23/18,811.59,886.32,794.79,864.19,2334820096,84520567485
2/24/18,861.59,879.53,818.55,840.52,1926579968,82222377928
2/25/18,839.46,853.15,822.38,844.81,1646960000,82659602549
2/26/18,845.28,880.39,842.32,869.32,2044480000,85074973200
2/27/18,870.36,896.26,867.10,878.27,2053980032,85968788108
2/28/18,877.93,890.11,855.12,855.20,1963980032,83728564149
3/1/18,856.01,880.30,851.92,872.20,1868519936,85410827047
3/2/18,871.76,876.38,852.42,856.85,1894419968,83925690001
3/3/18,856.71,868.45,855.21,857.22,1699369984,83979651073
3/4/18,856.19,867.95,840.28,866.68,1697939968,84923240778
3/5/18,866.85,869.92,853.52,853.68,1898489984,83667342992
3/6/18,853.82,853.82,809.93,816.95,1943069952,80083929891
3/7/18,816.27,825.61,726.55,752.83,2175419904,73813918307
3/8/18,752.57,773.77,696.17,704.60,1891640064,69098851661
3/9/18,702.20,729.16,648.11,728.92,2233019904,71498733754
3/10/18,730.16,748.03,682.70,686.89,1532960000,67390487259
3/11/18,685.31,735.83,668.12,723.34,1562680064,70981343639
3/12/18,724.41,742.51,683.27,699.83,1764999936,68688764839
3/13/18,698.15,713.73,682.35,690.83,1425959936,67819092121
3/14/18,691.22,702.78,594.10,614.29,1810560000,60318025226
3/15/18,614.84,620.62,579.51,611.30,1770460032,60037233577
3/16/18,611.78,623.17,587.86,601.67,1417350016,59103031871
3/17/18,601.68,609.15,549.10,552.78,1267810048,54312035489
3/18/18,551.64,551.64,460.09,538.64,2685499904,52934184182
3/19/18,546.63,558.10,519.12,556.73,2046790016,54722473140
3/20/18,556.72,567.09,521.20,557.17,1833680000,54777982164
3/21/18,559.10,589.61,550.57,561.73,1781270016,55237391316
3/22/18,562.10,577.57,523.09,539.70,1523459968,53082150649
3/23/18,539.86,540.49,512.13,539.62,1596349952,53084905906
3/24/18,542.57,545.38,526.08,526.44,1300009984,51799123912
3/25/18,522.70,535.82,515.66,524.29,1151170048,51598047955
3/26/18,524.29,526.38,470.44,489.95,1638880000,48228842327
3/27/18,489.59,491.46,449.97,450.12,1617939968,44316774118
3/28/18,450.29,466.21,444.86,446.28,1514179968,43948072321
3/29/18,448.08,450.81,385.81,385.97,1970230016,38016727209
3/30/18,385.90,409.93,368.63,394.64,1878130048,38879465944
3/31/18,395.00,418.47,392.95,396.46,1323920000,39066085342
4/1/18,397.25,400.53,363.80,379.61,1256930048,37413407420
4/2/18,379.70,395.17,377.59,386.42,1102259968,38093277842
4/3/18,387.31,418.97,383.53,416.89,1363399936,41105280498
4/4/18,416.48,417.47,375.31,380.54,1287730048,37528933631
4/5/18,379.95,387.72,369.82,383.23,1210680064,37802008408
4/6/18,382.73,385.20,366.91,370.29,967105984,36532478896
4/7/18,370.38,393.06,369.94,385.31,951475008,38023057371
4/8/18,385.74,402.59,385.60,400.51,948488000,39530560784
4/9/18,400.86,429.25,390.61,398.53,1478390016,39343018191
4/10/18,399.41,415.89,393.88,414.24,1196000000,40903130396
4/11/18,415.02,430.54,412.47,430.54,1439040000,42521044920
4/12/18,430.16,493.06,417.41,492.94,2519360000,48693844481
4/13/18,493.16,526.47,482.66,492.73,2419249920,48683660481
4/14/18,492.58,512.02,488.28,501.48,1519079936,49557725333
4/15/18,502.88,531.70,502.88,531.70,1726089984,52555419462
4/16/18,532.07,534.20,500.25,511.15,1758979968,50534185799
4/17/18,511.14,518.03,502.56,502.89,1760359936,49728519115
4/18/18,503.31,525.09,503.05,524.79,1762940032,51904227886
4/19/18,524.04,567.89,523.26,567.89,2256869888,56178772001
4/20/18,567.99,618.72,560.28,615.72,2849469952,60922818296
4/21/18,616.00,621.89,578.55,605.40,2612460032,59913832194
4/22/18,606.12,640.77,593.87,621.86,2426269952,61556034015
4/23/18,621.20,646.70,621.03,642.55,2386830080,63617020167
4/24/18,643.40,708.88,643.40,708.16,3581860096,70127342534
4/25/18,707.06,707.06,600.21,615.42,4216140032,60955966711
4/26/18,618.08,663.18,604.01,662.81,2984009984,65663946135
4/27/18,662.11,684.87,647.03,647.03,2598129920,64114105428
4/28/18,644.65,691.44,644.65,683.68,2496659968,67759208004
4/29/18,683.91,697.76,670.51,688.88,2740559872,68289153706
4/30/18,689.76,694.44,666.12,669.92,2853100032,66423712256
5/1/18,670.46,674.40,637.54,673.61,2678960128,66803233984
5/2/18,674.08,688.84,667.42,687.15,2822269952,68159979253
5/3/18,686.59,784.34,686.59,779.54,4210939904,77340839220
5/4/18,776.78,803.75,762.63,785.62,3533410048,77960306236
5/5/18,784.58,827.46,784.24,816.12,3035040000,81003446783
5/6/18,816.09,835.06,764.88,792.31,3105570048,78656662788
5/7/18,793.34,795.76,710.18,753.72,4316120064,74841655792
5/8/18,755.01,774.25,728.13,752.86,2920489984,74770813968
5/9/18,752.90,759.53,718.47,752.28,2877870080,74728439730
5/10/18,752.58,766.75,726.66,727.28,2748950016,72260117775
5/11/18,727.01,736.98,669.83,679.59,3290080000,67535702572
5/12/18,679.88,691.41,644.07,686.05,2668480000,68192028458
5/13/18,687.17,741.31,675.32,733.50,2362500096,72923278119
5/14/18,732.73,742.17,695.79,730.55,3005110016,72645181706
5/15/18,731.14,739.05,700.99,708.87,2523069952,70504110201
5/16/18,708.09,710.20,682.54,707.05,2476130048,70337446111
5/17/18,708.72,718.83,668.83,672.66,2350619904,66929938612
5/18/18,672.10,695.03,663.81,694.37,2305740032,69104455849
5/19/18,695.07,715.58,686.79,696.53,2021549952,69334147807
5/20/18,697.92,723.75,692.67,715.37,2156910080,71224213260
5/21/18,717.19,719.28,692.49,699.22,2005170048,69631032596
5/22/18,700.18,700.98,644.03,647.74,2230469888,64517663406
5/23/18,646.67,651.64,572.95,583.59,2995429888,58139666822
5/24/18,584.54,610.82,557.21,601.76,2791099904,59962094302
5/25/18,602.14,617.19,575.62,586.73,2110919936,58477440268
5/26/18,587.43,606.17,583.51,587.28,1694300032,58544016481
5/27/18,588.52,590.33,562.87,572.67,1788790016,57099072056
5/28/18,573.04,576.05,512.55,516.04,2356900096,51463146627
5/29/18,516.15,572.26,516.15,565.39,2330820096,56396587656
5/30/18,566.83,583.14,545.43,559.59,2053970048,55829809817
5/31/18,558.50,585.54,557.07,577.65,1985040000,57643138807
6/1/18,578.67,589.09,567.66,580.04,1945890048,57894350583
6/2/18,580.43,597.08,577.32,591.81,1880390016,59080880117
6/3/18,591.26,624.51,591.26,618.33,1832550016,61740821846
6/4/18,619.44,623.43,583.75,592.98,1903430016,59222873880
6/5/18,593.41,611.33,580.98,609.30,1844269952,60864980395
6/6/18,610.26,611.64,596.40,607.12,1756530048,60659842641
6/7/18,607.69,616.14,601.69,605.19,1880140032,60478879395
6/8/18,605.44,608.81,595.59,601.08,1637779968,60080608858
6/9/18,600.91,608.58,597.56,597.56,1519309952,59741701633
6/10/18,594.34,594.34,511.89,526.48,2234880000,52645885461
6/11/18,524.86,536.86,515.27,533.28,1982119936,53337466294
6/12/18,532.71,538.96,491.23,496.84,1932760064,49702985162
6/13/18,498.02,501.90,459.00,477.49,2080130048,47777150787
6/14/18,478.38,523.54,467.47,519.74,2458650112,52015066663
6/15/18,520.48,521.30,487.47,491.00,1808269952,49149084090
6/16/18,490.41,503.22,488.85,499.64,1314109952,50024018701
6/17/18,499.46,507.64,498.65,500.45,1264870016,50114921288
6/18/18,499.38,521.80,494.07,518.89,1513869952,51972519171
6/19/18,519.02,542.35,516.31,537.96,1726569984,53893191559
6/20/18,538.51,541.02,519.37,536.27,1596290048,53735032875
6/21/18,536.45,543.72,524.26,527.37,1462070016,52853921455
6/22/18,527.19,527.19,456.88,465.82,2226030080,46694859628
6/23/18,466.27,479.13,462.39,474.52,1651379968,47577076102
6/24/18,474.77,475.36,426.47,457.67,2490579968,45897156207
6/25/18,455.94,470.34,448.90,460.31,4007950080,46171165114
6/26/18,460.73,461.21,432.77,432.77,1356560000,43417898248
6/27/18,432.24,444.24,424.84,442.36,1368940032,44389430889
6/28/18,442.29,443.62,419.68,422.36,1360790016,42391125054
6/29/18,422.59,441.79,407.95,436.01,1564499968,43769409548
6/30/18,436.21,458.80,436.21,455.18,1475939968,45703302056
7/1/18,455.24,457.14,446.39,453.92,1511730048,45585861718
7/2/18,453.82,479.13,447.11,475.35,1625789952,47747743959
7/3/18,475.39,483.85,462.58,464.20,1683939968,46637067239
7/4/18,464.15,481.44,455.18,467.32,1549769984,46960391871
7/5/18,467.29,483.23,464.63,474.41,1828610048,47682968020
7/6/18,474.36,479.65,457.61,474.01,1627609984,47652424064
7/7/18,474.06,491.66,466.84,491.66,1358360064,49436674025
7/8/18,492.07,503.20,488.42,489.12,1344560000,49191161178
7/9/18,488.88,490.85,475.17,476.68,1533799936,47950212027
7/10/18,476.16,478.32,433.96,434.42,1789069952,43708241775
7/11/18,434.52,447.32,429.51,446.52,1422470016,44934271235
7/12/18,446.50,446.50,422.81,430.07,1495440000,43288294177
7/13/18,430.74,442.36,430.74,434.03,1489670016,43694988769
7/14/18,434.51,439.43,431.47,436.09,1235820032,43911193561
7/15/18,435.88,454.00,433.92,449.85,1350160000,45306414380
7/16/18,450.42,480.66,446.80,480.66,1858680064,48419026521
7/17/18,480.08,508.78,468.92,501.00,2288100096,50478766285
7/18/18,500.84,513.43,474.36,480.51,2371559936,48424155624
7/19/18,480.63,483.24,465.14,469.62,2068739968,47335899963
7/20/18,469.31,469.31,443.69,450.70,1821350016,45437819522
7/21/18,450.68,468.08,445.78,462.44,1504310016,46630720739
7/22/18,462.44,470.90,458.12,459.66,1338589952,46360029757
7/23/18,459.44,469.77,449.73,450.85,1596999936,45481301491
7/24/18,451.14,481.14,450.57,479.37,2287520000,48368209917
7/25/18,479.91,482.87,466.47,472.49,1930780032,47683830874
7/26/18,472.33,483.70,461.42,464.04,1621560064,46839932193
7/27/18,464.01,473.22,458.29,469.67,1734259968,47417755376
7/28/18,469.68,471.59,462.99,466.90,1531890048,47147853886
7/29/18,466.92,470.36,462.71,466.67,1631910016,47133881666
7/30/18,466.83,467.95,448.64,457.08,2141590000,46175217427
7/31/18,457.25,457.25,430.44,433.87,1820680000,43839034237
8/1/18,433.87,435.46,410.46,420.75,1888060000,42521937218
8/2/18,420.81,425.03,410.31,412.62,1569300000,41709183608
8/3/18,412.57,420.55,399.91,418.26,1722340000,42287977978
8/4/18,418.24,420.19,403.78,407.25,1466540000,41183215694
8/5/18,407.35,413.72,402.43,410.52,1396820000,41521715110
8/6/18,410.57,414.54,403.32,406.66,1384880000,41139790462
8/7/18,406.80,411.41,376.08,380.22,1828350000,38472420233
8/8/18,379.89,380.67,353.73,356.61,2016080000,36091566801
8/9/18,356.97,370.95,353.61,365.59,1616610000,37007391031
8/10/18,365.78,367.05,329.59,334.18,1699400000,33834485092
8/11/18,334.26,334.26,308.49,322.11,1790370000,32619681420
8/12/18,320.82,328.59,318.60,319.57,1625420000,32368768332
8/13/18,320.21,323.55,284.93,286.50,1751190000,29024490503
8/14/18,286.37,286.37,254.65,278.93,2137850000,28263969132
8/15/18,280.39,303.59,280.12,282.36,1878150000,28617473116
8/16/18,282.74,298.48,280.93,288.05,1552970000,29199228646
8/17/18,287.68,316.17,287.35,315.73,1995460000,32011921283
8/18/18,316.79,320.45,286.55,295.81,1764020000,29998584852
8/19/18,295.67,307.10,291.33,300.83,1447910000,30514025774
8/20/18,301.38,304.37,273.51,274.32,1413790000,27829775231
8/21/18,273.33,285.97,273.33,281.94,1164120000,28609531323
8/22/18,281.97,297.49,265.00,271.34,1507660000,27539119679
8/23/18,271.75,279.55,271.09,277.10,1271160000,28129662664
8/24/18,278.11,283.30,273.86,282.97,1450170000,28730705349
8/25/18,283.28,283.52,278.47,279.65,1208360000,28399212923
8/26/18,279.53,279.53,272.44,275.20,1206650000,27953028997
8/27/18,275.35,285.60,273.65,285.60,1406790000,29015874948
8/28/18,286.65,297.40,283.57,296.50,1513350000,30128902937
8/29/18,296.16,297.07,287.29,289.31,1474460000,29404459725
8/30/18,289.75,291.24,275.21,284.11,1513100000,28881058148
8/31/18,284.12,284.55,278.51,283.00,1411910000,28774922508
9/1/18,283.50,301.14,283.50,295.34,1546630000,30035327410
9/2/18,295.45,298.69,290.93,294.37,1321050000,29942718225
9/3/18,295.18,295.59,287.43,289.26,1394490000,29428616901
9/4/18,289.30,291.58,284.26,285.72,1554870000,29074743101
9/5/18,286.05,288.16,232.33,232.33,2390390000,23646371777
9/6/18,231.65,231.76,218.12,230.22,2097310000,23435751842
9/7/18,229.54,233.90,217.08,217.20,1678260000,22115522904
9/8/18,217.91,220.37,193.26,197.95,1517200000,20159309964
9/9/18,198.39,207.67,188.31,196.92,1585980000,20058708800
9/10/18,197.85,201.88,189.58,197.08,1502960000,20078523984
9/11/18,198.18,198.51,180.60,185.07,1568900000,18858381966
9/12/18,185.42,185.59,170.26,183.33,1874850000,18685319378
9/13/18,183.68,214.00,183.68,211.35,2330720000,21545775837
9/14/18,212.67,222.79,204.87,211.75,2232190000,21590366996
9/15/18,209.81,226.60,209.61,223.07,1670490000,22749647321
9/16/18,222.80,222.80,211.12,220.59,1502260000,22500748646
9/17/18,221.58,224.26,195.31,197.88,2019910000,20187902505
9/18/18,197.10,213.36,195.93,209.98,1800640000,21426628309
9/19/18,209.47,213.87,201.66,209.97,1733330000,21430323331
9/20/18,210.29,224.82,207.79,224.59,1782070000,22927300808
9/21/18,225.25,248.39,221.57,246.58,2836200000,25177561991
9/22/18,247.34,251.20,233.81,240.48,1921820000,24559189741
9/23/18,240.99,247.46,237.86,244.33,1693470000,24957339670
9/24/18,244.84,245.11,227.49,228.73,1748740000,23368514475
9/25/18,228.33,228.33,206.49,218.51,2120360000,22328327983
9/26/18,218.65,221.44,209.11,215.85,1756100000,22061164303
9/27/18,215.44,230.61,212.65,228.49,2030320000,23358464739
9/28/18,229.04,231.75,218.67,222.40,2018120000,22740233568
9/29/18,221.71,234.01,216.08,231.64,2208720000,23688983896
9/30/18,231.33,236.99,228.45,232.85,1765560000,23817805502
10/1/18,233.22,234.15,226.95,230.77,1597500000,23609728018
10/2/18,231.10,231.17,225.84,227.18,1542080000,23247403474
10/3/18,226.41,226.46,213.97,220.49,1683930000,22567089086
10/4/18,220.45,226.15,220.09,222.22,1479500000,22748580859
10/5/18,222.27,228.32,220.96,227.60,1547330000,23304234601
10/6/18,227.55,227.93,224.25,225.12,1505070000,23054817089
10/7/18,225.44,226.37,223.00,226.12,1470480000,23161767973
10/8/18,226.51,230.77,224.56,229.26,1470740000,23487673000
10/9/18,229.71,230.16,226.40,227.98,1405130000,23361891401
10/10/18,227.62,227.71,224.50,225.77,1384040000,23139713070
10/11/18,225.61,225.61,189.28,189.50,2167620000,19426181717
10/12/18,188.71,199.40,188.71,196.73,1487900000,20171157774
10/13/18,196.36,201.28,196.36,199.84,1167610000,20494529773
10/14/18,199.69,201.83,195.24,195.72,1169260000,20075397007
10/15/18,195.27,222.12,194.16,209.70,2865830000,21514574462
10/16/18,209.63,212.17,207.98,210.12,1532280000,21561538445
10/17/18,210.22,211.13,205.93,207.08,1444130000,21254117736
10/18/18,207.40,208.47,201.74,203.35,1365860000,20875341345
10/19/18,203.26,204.66,201.84,203.73,1264480000,20917973393
10/20/18,203.52,206.22,203.09,205.43,1238780000,21097037289
10/21/18,205.39,208.16,204.62,205.14,1190300000,21071630786
10/22/18,205.17,206.93,203.38,204.04,1328980000,20962977292
10/23/18,204.02,205.15,201.91,204.34,1237490000,20997181867
10/24/18,204.13,205.58,203.35,203.85,1102220000,20951603018
10/25/18,203.87,204.13,201.82,202.72,1102900000,20839259066
10/26/18,202.34,204.78,201.55,203.33,1161310000,20906130835
10/27/18,203.36,206.08,203.13,204.21,1084810000,21000852987
10/28/18,204.51,205.92,203.52,205.37,1139140000,21123907349
10/29/18,205.17,205.60,195.73,197.25,1517230000,20292811278
10/30/18,197.20,198.12,196.35,197.56,1363500000,20328580026
10/31/18,197.65,198.34,196.53,197.38,1442380000,20314628127
11/1/18,197.54,203.75,197.33,198.87,1336700000,20472105764
11/2/18,198.98,201.27,198.76,200.64,1451870000,20657629735
11/3/18,200.74,200.74,199.53,200.19,1307150000,20615439151
11/4/18,200.16,211.27,198.99,207.49,1749300000,21371416840
11/5/18,207.10,210.82,206.57,209.09,1613510000,21540996877
11/6/18,209.47,218.45,207.89,218.45,1856940000,22445690692
11/7/18,218.90,221.65,216.80,217.18,1927830000,22383497662
11/8/18,217.33,218.34,212.20,212.23,1769080000,21877424057
11/9/18,211.99,213.32,209.52,210.07,1554750000,21659329261
11/10/18,209.98,213.86,209.81,212.53,1377760000,21917195708
11/11/18,212.48,213.00,208.87,211.34,1501600000,21798464881
11/12/18,211.51,212.62,208.92,210.42,1452380000,21707637540
11/13/18,210.15,210.52,206.14,206.83,1610260000,21341261802
11/14/18,206.53,207.05,174.08,181.40,2595330000,18721032761
11/15/18,181.90,184.25,170.19,180.81,2638410000,18663659629
11/16/18,180.87,181.35,173.13,175.18,2015330000,18086156169
11/17/18,175.36,175.85,172.87,174.00,1832800000,17968221715
11/18/18,174.18,179.15,174.18,177.07,1810920000,18288411984
11/19/18,177.18,177.18,147.85,149.18,2745160000,15410551811
11/20/18,148.81,151.25,126.36,130.34,3134410000,13467303239
11/21/18,131.14,138.89,125.76,136.70,2685930000,14127420909
11/22/18,136.81,137.74,126.71,126.71,1792150000,13097009562
11/23/18,126.42,127.03,119.56,123.30,1998010000,12747016419
11/24/18,123.30,126.79,110.83,113.49,1800960000,11735901799
11/25/18,113.13,118.88,101.77,116.45,2466750000,12043900588
11/26/18,116.34,118.20,104.89,108.34,2139490000,11206775318
11/27/18,107.91,111.84,102.45,110.01,2320010000,11382216773
11/28/18,110.20,126.05,110.20,122.44,2673470000,12670491119
11/29/18,122.72,123.23,115.30,117.54,2196099151,12166285642
11/30/18,117.73,119.42,111.74,113.17,2020748396,11716096076
12/1/18,113.40,120.84,111.62,118.64,2131475768,12284117522
12/2/18,118.27,120.56,116.09,116.39,1856199149,12053770487
12/3/18,116.38,116.62,107.42,108.93,1772756193,11282911404
12/4/18,108.80,113.14,107.40,110.21,1748116495,11418617063
12/5/18,110.34,110.60,102.48,102.48,1990157607,10618884099
12/6/18,102.45,104.10,91.76,91.76,2310716932,9510417097
12/7/18,91.65,96.09,83.47,93.29,2554304530,9671177427
12/8/18,93.41,97.06,86.83,92.16,1855759401,9555327946
12/9/18,92.04,98.90,91.03,95.14,1875567180,9866414732
12/10/18,94.99,96.26,90.65,91.69,1756437577,9509816315
12/11/18,91.58,92.78,87.69,88.95,1707497898,9227301064
12/12/18,88.61,92.24,88.26,90.59,1533050103,9400044026
12/13/18,90.66,91.11,85.52,86.54,1754475622,8981108543
12/14/18,86.63,87.14,83.23,84.31,1651491877,8751209554
12/15/18,84.28,85.34,82.83,84.44,1496176898,8766638124
12/16/18,84.47,87.57,84.47,85.26,1565817037,8853567311
12/17/18,85.38,96.81,85.38,95.13,2101453024,9880456239
12/18/18,95.11,101.32,92.97,101.11,2277514076,10503295749
12/19/18,101.68,108.55,100.69,101.27,2456482115,10521416481
12/20/18,101.09,117.17,100.64,116.22,3063842618,12076674311
12/21/18,115.84,119.09,107.58,109.50,2632539990,11380357569
12/22/18,109.46,116.76,107.50,116.76,2338772939,12137481655
12/23/18,117.27,133.08,117.27,130.77,3579715061,13595887732
12/24/18,130.64,157.67,130.64,140.24,4370343387,14583457940
12/25/18,141.00,141.00,125.11,129.84,3298280609,13505089290
12/26/18,129.89,136.68,126.29,131.87,2720469126,13717858346
12/27/18,131.92,132.68,115.65,116.58,2612804378,12129493222
12/28/18,116.90,137.65,115.69,137.65,3130201009,14324511544
12/29/18,138.47,147.03,134.57,138.02,3169029972,14365797196
12/30/18,137.63,140.69,133.98,139.86,2660086834,14560066114
12/31/18,140.03,140.18,132.52,133.37,2358360234,13886837730
1/1/19,133.42,141.40,132.65,140.82,2258709868,14665318370
1/2/19,141.52,156.93,140.65,155.05,3328240369,16150049902
1/3/19,155.20,155.86,147.20,149.14,2676164880,15536849936
1/4/19,148.91,156.88,147.91,154.58,3126192535,16107068093
1/5/19,154.34,160.82,154.34,155.64,3338211928,16219974745
1/6/19,155.80,159.37,152.09,157.75,3231294371,16442429109
1/7/19,157.81,158.45,151.15,151.70,2712108388,15814868678
1/8/19,151.97,153.63,148.67,150.36,2459808140,15677889902
1/9/19,150.55,153.62,150.29,150.80,2369241197,15726845712
1/10/19,150.84,152.15,126.53,128.63,3397734456,13416263931
1/11/19,127.81,130.17,125.24,127.55,2667585234,13306214134
1/12/19,127.53,128.67,125.45,125.97,2212109224,13143426380
1/13/19,125.91,126.27,116.09,116.90,2268263944,12199288487
1/14/19,116.98,130.86,116.97,129.07,2798085735,13471754802
1/15/19,129.17,130.74,120.31,122.03,2735449164,12739543688
1/16/19,121.81,127.12,121.44,123.55,2746469340,12899812275
1/17/19,123.57,124.27,120.82,123.74,2594091285,12922347330
1/18/19,123.65,123.84,120.24,121.01,2305389800,12639234713
1/19/19,121.61,125.90,121.16,124.52,3048261797,13007954846
1/20/19,124.63,125.07,118.70,119.47,2964108269,12483136112
1/21/19,119.64,119.72,116.16,117.16,2421720343,12242940197
1/22/19,117.11,119.66,114.68,118.75,2552507405,12410972241
1/23/19,118.71,119.42,116.38,117.45,2556952198,12277481872
1/24/19,117.46,118.03,116.01,117.36,2520843420,12269992351
1/25/19,117.59,117.80,115.83,116.38,2606881898,12168932300
1/26/19,116.37,118.08,115.98,116.49,2412181169,12182338148
1/27/19,116.51,116.69,113.41,113.41,2775888287,11861671822
1/28/19,113.29,113.69,103.34,106.59,3366895505,11150461958
1/29/19,106.72,107.17,104.00,105.60,2900418606,11048347342
1/30/19,105.41,109.45,104.84,108.91,2874370355,11396282341
1/31/19,108.90,110.46,106.53,107.06,2828796031,11204735502
2/1/19,107.15,108.64,105.05,107.61,2541271519,11263815610
2/2/19,107.47,110.65,106.76,110.43,2385157838,11560765573
2/3/19,110.49,110.83,106.56,107.49,2519334757,11254870706
2/4/19,107.63,108.70,107.07,107.82,2491888675,11290969364
2/5/19,107.63,108.13,106.91,107.44,2515863999,11253035388
2/6/19,107.57,107.57,102.93,104.92,2593048199,10990266833
2/7/19,104.84,106.06,104.41,104.54,2326764622,10951652648
2/8/19,104.65,119.81,104.19,119.27,3656841347,12496945336
2/9/19,119.21,120.69,118.00,119.43,2884650400,12515870173
2/10/19,119.41,124.85,117.11,124.81,3148766590,13080881910
2/11/19,124.87,124.87,120.31,121.30,3222473887,12714795026
2/12/19,121.18,123.47,119.60,122.57,3149576429,12849965122
2/13/19,122.54,125.55,121.61,122.55,3386585799,12849605819
2/14/19,122.42,124.45,121.33,121.39,3331701628,12729213675
2/15/19,121.45,123.66,121.37,122.10,3021741615,12805280766
2/16/19,122.40,124.13,122.30,123.26,2905833287,12928550184
2/17/19,123.18,134.46,123.09,133.60,4236081130,14014695490
2/18/19,133.03,147.69,133.00,146.10,5387525773,15327852479
2/19/19,146.40,149.93,145.13,145.35,5310842625,15250901019
2/20/19,145.17,149.55,142.50,149.55,4500094965,15694462393
2/21/19,149.35,149.35,144.56,146.13,3995766856,15337145738
2/22/19,146.07,149.27,145.21,149.09,3731099284,15649961167
2/23/19,148.68,159.13,147.33,158.80,4519468458,16670632412
2/24/19,158.90,165.55,135.85,135.85,5957715043,14263873721
2/25/19,135.50,142.53,135.48,139.82,4914392068,14682597926
2/26/19,139.65,139.98,136.58,138.09,3791292839,14502464167
2/27/19,138.03,141.34,131.60,136.13,4469776860,14298070644
2/28/19,136.28,138.85,135.66,136.75,4535438953,14365118213
3/1/19,136.84,139.00,136.43,136.44,3756124824,14335957425
3/2/19,136.35,137.18,132.44,134.21,3747176425,14103698392
3/3/19,134.79,135.85,131.33,132.25,3454374053,13900679027
3/4/19,132.16,132.73,125.40,127.77,4008171341,13432896659
3/5/19,127.79,138.23,126.74,137.82,4764849990,14492117352
3/6/19,137.96,139.97,136.15,138.79,4589054219,14590867639
3/7/19,138.94,140.86,137.27,138.03,4339206292,14513398954
3/8/19,138.31,139.50,133.56,135.13,4678816794,14209542041
3/9/19,134.89,139.12,134.68,137.97,5011918715,14509873018
3/10/19,138.18,138.27,135.69,136.76,4578438499,14384860876
3/11/19,136.85,137.35,133.10,133.83,4689807419,14079044648
3/12/19,134.01,135.27,130.94,134.44,4709988000,14144929392
3/13/19,134.61,134.61,132.72,133.26,4265162099,14022610219
3/14/19,133.20,135.18,132.75,133.71,4476532147,14071628064
3/15/19,133.57,138.40,133.57,137.69,4506861856,14492364551
3/16/19,137.91,144.56,137.91,142.40,4839003569,14989691491
3/17/19,142.24,142.37,139.32,140.00,3827157729,14739201597
3/18/19,140.10,142.27,138.84,139.37,4551739879,14675181094
3/19/19,139.25,140.99,139.14,140.52,4251488129,14797612389
3/20/19,140.48,140.95,138.31,140.69,4664134462,14817151375
3/21/19,140.48,141.00,135.86,136.64,5087247796,14392427839
3/22/19,136.56,138.79,136.23,137.18,4490899266,14451740115
3/23/19,137.04,139.39,136.91,138.24,4436568613,14565143357
3/24/19,138.32,138.38,136.31,136.99,4266845458,14434995337
3/25/19,137.08,137.70,133.49,135.03,4480516753,14230733149
3/26/19,135.05,135.46,133.76,135.46,4499271679,14277816266
3/27/19,135.45,141.08,135.34,140.99,5228240093,14862394451
3/28/19,141.01,141.01,138.43,139.42,4163212475,14698609599
3/29/19,139.34,142.55,138.05,142.50,5125602702,15025361637
3/30/19,142.36,149.61,141.03,142.09,5144662127,14984615423
3/31/19,142.14,142.19,140.70,141.51,4249050197,14925533137
4/1/19,141.47,142.73,140.74,141.83,4611999536,14960828861
4/2/19,141.84,165.23,141.64,163.96,9826645698,17297572365
4/3/19,164.01,178.32,157.32,161.46,10622456246,17035703564
4/4/19,161.43,164.93,155.24,158.05,7953123529,16678477300
4/5/19,158.02,167.22,157.44,165.51,7531316908,17468192986
4/6/19,165.51,172.52,161.80,165.95,7167016221,17516082778
4/7/19,165.98,175.21,164.93,174.53,7596176020,18424576820
4/8/19,174.45,184.38,174.16,180.26,9304964610,19031640376
4/9/19,180.22,180.25,175.09,176.11,7632529578,18596496042
4/10/19,176.07,183.13,175.23,177.34,7856924879,18728058767
4/11/19,177.34,177.49,162.32,165.50,7859383417,17479876008
4/12/19,165.34,166.13,161.03,164.74,6237185309,17401765647
4/13/19,164.62,166.36,163.01,164.51,4959301561,17380468169
4/14/19,164.48,168.59,162.78,167.84,4846298303,17734050269
4/15/19,167.90,168.82,159.56,161.57,5672311824,17074367783
4/16/19,161.53,167.67,160.89,167.62,5180105341,17715913572
4/17/19,167.55,168.94,165.50,166.95,5596102715,17647086048
4/18/19,166.91,175.37,166.67,173.81,6971581464,18374913022
4/19/19,173.79,173.98,170.62,173.71,6541053061,18366130180
4/20/19,173.72,176.71,171.79,173.75,6142567812,18373023202
4/21/19,173.72,174.42,167.43,170.05,6005571688,17983602095
4/22/19,170.02,173.07,168.73,171.87,6094878077,18179292263
4/23/19,172.01,176.85,170.90,171.45,7097827092,18136462572
4/24/19,171.35,171.57,161.98,165.83,7351304156,17544029659
4/25/19,165.91,166.51,153.85,154.46,6820332362,16343573973
4/26/19,154.58,158.03,152.09,156.35,7505283355,16545462357
4/27/19,156.27,160.59,155.62,158.43,5863109118,16768575998
4/28/19,158.50,159.57,157.13,157.30,5379894433,16650076837
4/29/19,157.29,158.33,153.19,155.20,6053776253,16430642271
4/30/19,155.17,162.43,155.17,162.17,6275803460,17170110493
5/1/19,162.19,164.06,159.66,160.82,5789172433,17029616915
5/2/19,160.85,162.94,160.06,162.12,6044171062,17169962760
5/3/19,162.08,170.07,161.08,167.95,7299410672,17789626262
5/4/19,167.89,170.65,161.79,164.03,6658100049,17376070198
5/5/19,164.02,165.40,159.70,163.45,5938415562,17317292591
5/6/19,163.34,175.76,159.99,172.65,7540096853,18294624766
5/7/19,172.43,180.39,169.69,169.80,8411140170,17994460619
5/8/19,169.90,172.18,166.41,170.95,6416569598,18118602844
5/9/19,170.95,172.88,167.25,170.29,6546914198,18051087500
5/10/19,170.31,175.89,168.99,173.14,8036919053,18355936406
5/11/19,173.14,203.47,173.14,194.30,12578331654,20602050120
5/12/19,194.16,201.88,183.65,187.33,10326050090,19864635091
5/13/19,187.42,205.10,185.31,196.85,10367149039,20876934045
5/14/19,196.74,217.87,196.05,217.15,12751049755,23033114137
5/15/19,217.01,247.45,216.82,247.15,13460006534,26219111162
5/16/19,246.94,275.39,245.80,264.01,18661465873,28010958253
5/17/19,263.85,266.98,227.77,243.76,16037551694,25866318005
5/18/19,243.91,246.36,233.10,234.60,10933142646,24896520187
5/19/19,234.45,263.74,233.76,261.29,12049250894,27733299057
5/20/19,261.27,261.55,241.80,251.86,10834541285,26736046292
5/21/19,251.65,262.11,248.20,255.22,11545049594,27095257004
5/22/19,255.00,258.80,242.73,244.70,9818257463,25982060192
5/23/19,244.67,247.62,233.79,245.97,10671663487,26119891327